--
-- PostgreSQL database dump
--

-- Dumped from database version 15.2
-- Dumped by pg_dump version 15.2

-- Started on 2023-03-30 17:46:24

SET statement_timeout = 0;
SET lock_timeout = 0;
SET idle_in_transaction_session_timeout = 0;
SET client_encoding = 'UTF8';
SET standard_conforming_strings = on;
SELECT pg_catalog.set_config('search_path', '', false);
SET check_function_bodies = false;
SET xmloption = content;
SET client_min_messages = warning;
SET row_security = off;

SET default_tablespace = '';

SET default_table_access_method = heap;

--
-- TOC entry 217 (class 1259 OID 17220)
-- Name: container; Type: TABLE; Schema: public; Owner: me
--

CREATE TABLE public.container (
    id bigint NOT NULL,
    c_id character varying(35) NOT NULL,
    status boolean,
    created_at timestamp without time zone DEFAULT CURRENT_TIMESTAMP,
    updated_at timestamp without time zone DEFAULT CURRENT_TIMESTAMP
);


ALTER TABLE public.container OWNER TO me;

--
-- TOC entry 216 (class 1259 OID 17219)
-- Name: container_id_seq; Type: SEQUENCE; Schema: public; Owner: me
--

CREATE SEQUENCE public.container_id_seq
    START WITH 1
    INCREMENT BY 1
    NO MINVALUE
    NO MAXVALUE
    CACHE 1;


ALTER TABLE public.container_id_seq OWNER TO me;

--
-- TOC entry 3354 (class 0 OID 0)
-- Dependencies: 216
-- Name: container_id_seq; Type: SEQUENCE OWNED BY; Schema: public; Owner: me
--

ALTER SEQUENCE public.container_id_seq OWNED BY public.container.id;


--
-- TOC entry 219 (class 1259 OID 17229)
-- Name: data; Type: TABLE; Schema: public; Owner: me
--

CREATE TABLE public.data (
    id bigint NOT NULL,
    s_id character varying(10) NOT NULL,
    val integer,
    h_id bigint NOT NULL,
    c_id bigint NOT NULL,
    created_at timestamp without time zone DEFAULT CURRENT_TIMESTAMP,
    updated_at timestamp without time zone DEFAULT CURRENT_TIMESTAMP
);


ALTER TABLE public.data OWNER TO me;

--
-- TOC entry 218 (class 1259 OID 17228)
-- Name: data_id_seq; Type: SEQUENCE; Schema: public; Owner: me
--

CREATE SEQUENCE public.data_id_seq
    START WITH 1
    INCREMENT BY 1
    NO MINVALUE
    NO MAXVALUE
    CACHE 1;


ALTER TABLE public.data_id_seq OWNER TO me;

--
-- TOC entry 3355 (class 0 OID 0)
-- Dependencies: 218
-- Name: data_id_seq; Type: SEQUENCE OWNED BY; Schema: public; Owner: me
--

ALTER SEQUENCE public.data_id_seq OWNED BY public.data.id;


--
-- TOC entry 215 (class 1259 OID 17210)
-- Name: hub; Type: TABLE; Schema: public; Owner: me
--

CREATE TABLE public.hub (
    id bigint NOT NULL,
    h_id character varying(35) NOT NULL,
    "time" timestamp without time zone DEFAULT CURRENT_TIMESTAMP,
    created_at timestamp without time zone DEFAULT CURRENT_TIMESTAMP,
    updated_at timestamp without time zone DEFAULT CURRENT_TIMESTAMP
);


ALTER TABLE public.hub OWNER TO me;

--
-- TOC entry 214 (class 1259 OID 17209)
-- Name: hub_id_seq; Type: SEQUENCE; Schema: public; Owner: me
--

CREATE SEQUENCE public.hub_id_seq
    START WITH 1
    INCREMENT BY 1
    NO MINVALUE
    NO MAXVALUE
    CACHE 1;


ALTER TABLE public.hub_id_seq OWNER TO me;

--
-- TOC entry 3356 (class 0 OID 0)
-- Dependencies: 214
-- Name: hub_id_seq; Type: SEQUENCE OWNED BY; Schema: public; Owner: me
--

ALTER SEQUENCE public.hub_id_seq OWNED BY public.hub.id;


--
-- TOC entry 3187 (class 2604 OID 17223)
-- Name: container id; Type: DEFAULT; Schema: public; Owner: me
--

ALTER TABLE ONLY public.container ALTER COLUMN id SET DEFAULT nextval('public.container_id_seq'::regclass);


--
-- TOC entry 3190 (class 2604 OID 17232)
-- Name: data id; Type: DEFAULT; Schema: public; Owner: me
--

ALTER TABLE ONLY public.data ALTER COLUMN id SET DEFAULT nextval('public.data_id_seq'::regclass);


--
-- TOC entry 3183 (class 2604 OID 17213)
-- Name: hub id; Type: DEFAULT; Schema: public; Owner: me
--

ALTER TABLE ONLY public.hub ALTER COLUMN id SET DEFAULT nextval('public.hub_id_seq'::regclass);


--
-- TOC entry 3346 (class 0 OID 17220)
-- Dependencies: 217
-- Data for Name: container; Type: TABLE DATA; Schema: public; Owner: me
--

COPY public.container (id, c_id, status, created_at, updated_at) FROM stdin;
15	1co0n921t9663b567a94da194a4ae1e5	t	2023-03-29 17:21:38.189452	2023-03-29 17:21:38.189452
16	1co0n921t9663b567a94da254a4ae1e7	t	2023-03-29 17:21:38.257089	2023-03-29 17:21:38.257089
17	1co0n921t9663b567a94da194a4ae1e5	t	2023-03-29 17:22:08.143267	2023-03-29 17:22:08.143267
18	1co0n921t9663b567a94da254a4ae1e7	t	2023-03-29 17:22:08.241778	2023-03-29 17:22:08.241778
19	1co0n921t9663b567a94da194a4ae1e5	t	2023-03-29 17:40:38.161553	2023-03-29 17:40:38.161553
20	1co0n921t9663b567a94da254a4ae1e7	t	2023-03-29 17:40:38.246296	2023-03-29 17:40:38.246296
21	1co0n921t9663b567a94da194a4ae1e5	t	2023-03-29 17:41:08.132457	2023-03-29 17:41:08.132457
22	1co0n921t9663b567a94da254a4ae1e7	t	2023-03-29 17:41:08.241319	2023-03-29 17:41:08.241319
23	1co0n921t9663b567a94da194a4ae1e5	t	2023-03-29 17:41:38.112081	2023-03-29 17:41:38.112081
24	1co0n921t9663b567a94da254a4ae1e7	t	2023-03-29 17:41:38.144305	2023-03-29 17:41:38.144305
25	1co0n921t9663b567a94da194a4ae1e5	t	2023-03-29 17:42:08.11629	2023-03-29 17:42:08.11629
26	1co0n921t9663b567a94da254a4ae1e7	t	2023-03-29 17:42:08.142596	2023-03-29 17:42:08.142596
27	1co0n921t9663b567a94da194a4ae1e5	t	2023-03-29 17:43:38.142969	2023-03-29 17:43:38.142969
28	1co0n921t9663b567a94da254a4ae1e7	t	2023-03-29 17:43:38.257491	2023-03-29 17:43:38.257491
29	1co0n921t9663b567a94da194a4ae1e5	t	2023-03-29 17:44:08.127821	2023-03-29 17:44:08.127821
30	1co0n921t9663b567a94da254a4ae1e7	t	2023-03-29 17:44:08.156548	2023-03-29 17:44:08.156548
31	1co0n921t9663b567a94da194a4ae1e5	t	2023-03-29 17:48:38.143454	2023-03-29 17:48:38.143454
32	1co0n921t9663b567a94da254a4ae1e7	t	2023-03-29 17:48:38.269502	2023-03-29 17:48:38.269502
33	1co0n921t9663b567a94da194a4ae1e5	t	2023-03-29 17:49:08.13079	2023-03-29 17:49:08.13079
34	1co0n921t9663b567a94da254a4ae1e7	t	2023-03-29 17:49:08.257262	2023-03-29 17:49:08.257262
35	1co0n921t9663b567a94da194a4ae1e5	t	2023-03-29 17:49:38.122301	2023-03-29 17:49:38.122301
36	1co0n921t9663b567a94da254a4ae1e7	t	2023-03-29 17:49:38.161726	2023-03-29 17:49:38.161726
37	1co0n921t9663b567a94da194a4ae1e5	t	2023-03-29 17:50:08.122619	2023-03-29 17:50:08.122619
38	1co0n921t9663b567a94da254a4ae1e7	t	2023-03-29 17:50:08.156539	2023-03-29 17:50:08.156539
39	1co0n921t9663b567a94da194a4ae1e5	t	2023-03-29 17:50:38.177174	2023-03-29 17:50:38.177174
40	1co0n921t9663b567a94da254a4ae1e7	t	2023-03-29 17:50:38.273155	2023-03-29 17:50:38.273155
41	1co0n921t9663b567a94da194a4ae1e5	t	2023-03-29 17:51:08.126766	2023-03-29 17:51:08.126766
42	1co0n921t9663b567a94da254a4ae1e7	t	2023-03-29 17:51:08.15132	2023-03-29 17:51:08.15132
43	1co0n921t9663b567a94da194a4ae1e5	t	2023-03-30 12:46:38.996823	2023-03-30 12:46:38.996823
44	1co0n921t9663b567a94da254a4ae1e7	t	2023-03-30 12:46:39.032342	2023-03-30 12:46:39.032342
45	1co0n921t9663b567a94da194a4ae1e5	t	2023-03-30 12:47:08.964587	2023-03-30 12:47:08.964587
46	1co0n921t9663b567a94da254a4ae1e7	t	2023-03-30 12:47:09.019754	2023-03-30 12:47:09.019754
47	1co0n921t9663b567a94da194a4ae1e5	t	2023-03-30 12:47:38.964048	2023-03-30 12:47:38.964048
48	1co0n921t9663b567a94da254a4ae1e7	t	2023-03-30 12:47:39.033755	2023-03-30 12:47:39.033755
49	1co0n921t9663b567a94da194a4ae1e5	t	2023-03-30 12:48:08.969255	2023-03-30 12:48:08.969255
50	1co0n921t9663b567a94da254a4ae1e7	t	2023-03-30 12:48:09.032991	2023-03-30 12:48:09.032991
51	1co0n921t9663b567a94da194a4ae1e5	t	2023-03-30 12:48:38.965619	2023-03-30 12:48:38.965619
52	1co0n921t9663b567a94da254a4ae1e7	t	2023-03-30 12:48:39.018647	2023-03-30 12:48:39.018647
53	1co0n921t9663b567a94da194a4ae1e5	t	2023-03-30 12:49:08.965482	2023-03-30 12:49:08.965482
54	1co0n921t9663b567a94da254a4ae1e7	t	2023-03-30 12:49:09.031146	2023-03-30 12:49:09.031146
55	1co0n921t9663b567a94da194a4ae1e5	t	2023-03-30 12:49:38.886997	2023-03-30 12:49:38.886997
56	1co0n921t9663b567a94da254a4ae1e7	t	2023-03-30 12:49:39.024644	2023-03-30 12:49:39.024644
57	1co0n921t9663b567a94da194a4ae1e5	t	2023-03-30 12:50:08.972947	2023-03-30 12:50:08.972947
58	1co0n921t9663b567a94da254a4ae1e7	t	2023-03-30 12:50:09.037963	2023-03-30 12:50:09.037963
59	1co0n921t9663b567a94da194a4ae1e5	t	2023-03-30 12:50:38.979835	2023-03-30 12:50:38.979835
60	1co0n921t9663b567a94da254a4ae1e7	t	2023-03-30 12:50:39.034379	2023-03-30 12:50:39.034379
61	1co0n921t9663b567a94da194a4ae1e5	t	2023-03-30 12:51:08.976744	2023-03-30 12:51:08.976744
62	1co0n921t9663b567a94da254a4ae1e7	t	2023-03-30 12:51:09.049526	2023-03-30 12:51:09.049526
63	1co0n921t9663b567a94da194a4ae1e5	t	2023-03-30 12:51:38.969064	2023-03-30 12:51:38.969064
64	1co0n921t9663b567a94da254a4ae1e7	t	2023-03-30 12:51:39.03711	2023-03-30 12:51:39.03711
65	1co0n921t9663b567a94da194a4ae1e5	t	2023-03-30 12:52:08.970942	2023-03-30 12:52:08.970942
66	1co0n921t9663b567a94da254a4ae1e7	t	2023-03-30 12:52:09.039193	2023-03-30 12:52:09.039193
67	1co0n921t9663b567a94da194a4ae1e5	t	2023-03-30 12:52:38.974127	2023-03-30 12:52:38.974127
68	1co0n921t9663b567a94da254a4ae1e7	t	2023-03-30 12:52:39.038963	2023-03-30 12:52:39.038963
69	1co0n921t9663b567a94da194a4ae1e5	t	2023-03-30 12:53:08.976767	2023-03-30 12:53:08.976767
70	1co0n921t9663b567a94da254a4ae1e7	t	2023-03-30 12:53:09.032129	2023-03-30 12:53:09.032129
71	1co0n921t9663b567a94da194a4ae1e5	t	2023-03-30 12:53:38.972593	2023-03-30 12:53:38.972593
72	1co0n921t9663b567a94da254a4ae1e7	t	2023-03-30 12:53:39.040935	2023-03-30 12:53:39.040935
73	1co0n921t9663b567a94da254a4ae1e7	t	2023-03-30 12:54:09.119192	2023-03-30 12:54:09.119192
74	1co0n921t9663b567a94da194a4ae1e5	t	2023-03-30 12:54:09.122025	2023-03-30 12:54:09.122025
75	1co0n921t9663b567a94da194a4ae1e5	t	2023-03-30 12:54:38.978695	2023-03-30 12:54:38.978695
76	1co0n921t9663b567a94da254a4ae1e7	t	2023-03-30 12:54:39.04345	2023-03-30 12:54:39.04345
77	1co0n921t9663b567a94da194a4ae1e5	t	2023-03-30 12:55:09.104614	2023-03-30 12:55:09.104614
78	1co0n921t9663b567a94da254a4ae1e7	t	2023-03-30 12:55:09.105554	2023-03-30 12:55:09.105554
79	1co0n921t9663b567a94da194a4ae1e5	t	2023-03-30 12:55:38.981405	2023-03-30 12:55:38.981405
80	1co0n921t9663b567a94da254a4ae1e7	t	2023-03-30 12:55:39.049093	2023-03-30 12:55:39.049093
81	1co0n921t9663b567a94da194a4ae1e5	t	2023-03-30 12:56:08.907767	2023-03-30 12:56:08.907767
82	1co0n921t9663b567a94da254a4ae1e7	t	2023-03-30 12:56:09.03564	2023-03-30 12:56:09.03564
83	1co0n921t9663b567a94da194a4ae1e5	t	2023-03-30 12:56:39.03957	2023-03-30 12:56:39.03957
84	1co0n921t9663b567a94da254a4ae1e7	t	2023-03-30 12:56:39.058024	2023-03-30 12:56:39.058024
85	1co0n921t9663b567a94da194a4ae1e5	t	2023-03-30 12:57:08.902658	2023-03-30 12:57:08.902658
86	1co0n921t9663b567a94da254a4ae1e7	t	2023-03-30 12:57:09.044709	2023-03-30 12:57:09.044709
87	1co0n921t9663b567a94da194a4ae1e5	t	2023-03-30 12:57:38.984508	2023-03-30 12:57:38.984508
88	1co0n921t9663b567a94da254a4ae1e7	t	2023-03-30 12:57:39.048506	2023-03-30 12:57:39.048506
89	1co0n921t9663b567a94da194a4ae1e5	t	2023-03-30 12:58:08.910114	2023-03-30 12:58:08.910114
90	1co0n921t9663b567a94da254a4ae1e7	t	2023-03-30 12:58:09.045974	2023-03-30 12:58:09.045974
91	1co0n921t9663b567a94da194a4ae1e5	t	2023-03-30 12:58:39.090685	2023-03-30 12:58:39.090685
92	1co0n921t9663b567a94da254a4ae1e7	t	2023-03-30 12:58:39.137263	2023-03-30 12:58:39.137263
93	1co0n921t9663b567a94da194a4ae1e5	t	2023-03-30 12:59:08.909288	2023-03-30 12:59:08.909288
94	1co0n921t9663b567a94da254a4ae1e7	t	2023-03-30 12:59:09.049112	2023-03-30 12:59:09.049112
95	1co0n921t9663b567a94da194a4ae1e5	t	2023-03-30 12:59:38.905227	2023-03-30 12:59:38.905227
96	1co0n921t9663b567a94da254a4ae1e7	t	2023-03-30 12:59:39.050491	2023-03-30 12:59:39.050491
97	1co0n921t9663b567a94da194a4ae1e5	t	2023-03-30 13:00:08.988931	2023-03-30 13:00:08.988931
98	1co0n921t9663b567a94da254a4ae1e7	t	2023-03-30 13:00:09.054724	2023-03-30 13:00:09.054724
99	1co0n921t9663b567a94da194a4ae1e5	t	2023-03-30 13:00:38.980745	2023-03-30 13:00:38.980745
100	1co0n921t9663b567a94da254a4ae1e7	t	2023-03-30 13:00:39.0424	2023-03-30 13:00:39.0424
101	1co0n921t9663b567a94da194a4ae1e5	t	2023-03-30 13:01:08.988787	2023-03-30 13:01:08.988787
102	1co0n921t9663b567a94da254a4ae1e7	t	2023-03-30 13:01:09.04925	2023-03-30 13:01:09.04925
103	1co0n921t9663b567a94da194a4ae1e5	t	2023-03-30 13:01:38.917211	2023-03-30 13:01:38.917211
104	1co0n921t9663b567a94da254a4ae1e7	t	2023-03-30 13:01:39.044781	2023-03-30 13:01:39.044781
105	1co0n921t9663b567a94da194a4ae1e5	t	2023-03-30 13:06:39.016459	2023-03-30 13:06:39.016459
106	1co0n921t9663b567a94da254a4ae1e7	t	2023-03-30 13:06:39.053229	2023-03-30 13:06:39.053229
107	1co0n921t9663b567a94da194a4ae1e5	t	2023-03-30 13:07:08.999155	2023-03-30 13:07:08.999155
108	1co0n921t9663b567a94da254a4ae1e7	t	2023-03-30 13:07:09.065499	2023-03-30 13:07:09.065499
109	1co0n921t9663b567a94da194a4ae1e5	t	2023-03-30 13:07:38.994052	2023-03-30 13:07:38.994052
110	1co0n921t9663b567a94da254a4ae1e7	t	2023-03-30 13:07:39.063347	2023-03-30 13:07:39.063347
111	1co0n921t9663b567a94da194a4ae1e5	t	2023-03-30 13:08:39.032568	2023-03-30 13:08:39.032568
112	1co0n921t9663b567a94da254a4ae1e7	t	2023-03-30 13:08:39.06127	2023-03-30 13:08:39.06127
113	1co0n921t9663b567a94da194a4ae1e5	t	2023-03-30 13:11:09.020096	2023-03-30 13:11:09.020096
114	1co0n921t9663b567a94da254a4ae1e7	t	2023-03-30 13:11:09.063411	2023-03-30 13:11:09.063411
115	1co0n921t9663b567a94da194a4ae1e5	t	2023-03-30 13:11:39.00479	2023-03-30 13:11:39.00479
116	1co0n921t9663b567a94da254a4ae1e7	t	2023-03-30 13:11:39.062448	2023-03-30 13:11:39.062448
117	1co0n921t9663b567a94da194a4ae1e5	t	2023-03-30 13:12:08.925832	2023-03-30 13:12:08.925832
118	1co0n921t9663b567a94da254a4ae1e7	t	2023-03-30 13:12:09.065784	2023-03-30 13:12:09.065784
119	1co0n921t9663b567a94da194a4ae1e5	t	2023-03-30 13:12:39.062589	2023-03-30 13:12:39.062589
120	1co0n921t9663b567a94da254a4ae1e7	t	2023-03-30 13:12:39.179219	2023-03-30 13:12:39.179219
121	1co0n921t9663b567a94da194a4ae1e5	t	2023-03-30 13:13:09.251526	2023-03-30 13:13:09.251526
122	1co0n921t9663b567a94da254a4ae1e7	t	2023-03-30 13:13:09.339743	2023-03-30 13:13:09.339743
123	1co0n921t9663b567a94da194a4ae1e5	t	2023-03-30 13:13:39.043727	2023-03-30 13:13:39.043727
124	1co0n921t9663b567a94da254a4ae1e7	t	2023-03-30 13:13:39.068612	2023-03-30 13:13:39.068612
125	1co0n921t9663b567a94da194a4ae1e5	t	2023-03-30 13:14:09.109779	2023-03-30 13:14:09.109779
126	1co0n921t9663b567a94da254a4ae1e7	t	2023-03-30 13:14:09.218498	2023-03-30 13:14:09.218498
127	1co0n921t9663b567a94da194a4ae1e5	t	2023-03-30 13:18:09.129944	2023-03-30 13:18:09.129944
128	1co0n921t9663b567a94da254a4ae1e7	t	2023-03-30 13:18:09.183011	2023-03-30 13:18:09.183011
129	1co0n921t9663b567a94da194a4ae1e5	t	2023-03-30 13:18:39.098488	2023-03-30 13:18:39.098488
130	1co0n921t9663b567a94da254a4ae1e7	t	2023-03-30 13:18:39.195365	2023-03-30 13:18:39.195365
131	1co0n921t9663b567a94da194a4ae1e5	t	2023-03-30 13:19:09.104624	2023-03-30 13:19:09.104624
132	1co0n921t9663b567a94da254a4ae1e7	t	2023-03-30 13:19:09.208493	2023-03-30 13:19:09.208493
133	1co0n921t9663b567a94da194a4ae1e5	t	2023-03-30 13:19:38.942249	2023-03-30 13:19:38.942249
134	1co0n921t9663b567a94da254a4ae1e7	t	2023-03-30 13:19:39.090002	2023-03-30 13:19:39.090002
135	1co0n921t9663b567a94da194a4ae1e5	t	2023-03-30 13:20:39.157034	2023-03-30 13:20:39.157034
136	1co0n921t9663b567a94da254a4ae1e7	t	2023-03-30 13:20:39.209958	2023-03-30 13:20:39.209958
137	1co0n921t9663b567a94da194a4ae1e5	t	2023-03-30 13:21:09.056407	2023-03-30 13:21:09.056407
138	1co0n921t9663b567a94da254a4ae1e7	t	2023-03-30 13:21:09.174016	2023-03-30 13:21:09.174016
139	1co0n921t9663b567a94da194a4ae1e5	t	2023-03-30 13:21:39.096607	2023-03-30 13:21:39.096607
140	1co0n921t9663b567a94da254a4ae1e7	t	2023-03-30 13:21:39.19856	2023-03-30 13:21:39.19856
141	1co0n921t9663b567a94da194a4ae1e5	t	2023-03-30 13:22:09.075169	2023-03-30 13:22:09.075169
142	1co0n921t9663b567a94da254a4ae1e7	t	2023-03-30 13:22:09.18165	2023-03-30 13:22:09.18165
143	1co0n921t9663b567a94da194a4ae1e5	t	2023-03-30 13:24:38.954559	2023-03-30 13:24:38.954559
144	1co0n921t9663b567a94da254a4ae1e7	t	2023-03-30 13:24:39.098446	2023-03-30 13:24:39.098446
145	1co0n921t9663b567a94da194a4ae1e5	t	2023-03-30 13:25:09.082708	2023-03-30 13:25:09.082708
146	1co0n921t9663b567a94da254a4ae1e7	t	2023-03-30 13:25:09.186773	2023-03-30 13:25:09.186773
147	1co0n921t9663b567a94da194a4ae1e5	t	2023-03-30 13:25:39.05759	2023-03-30 13:25:39.05759
148	1co0n921t9663b567a94da254a4ae1e7	t	2023-03-30 13:25:39.0921	2023-03-30 13:25:39.0921
149	1co0n921t9663b567a94da194a4ae1e5	t	2023-03-30 13:26:09.063784	2023-03-30 13:26:09.063784
150	1co0n921t9663b567a94da254a4ae1e7	t	2023-03-30 13:26:09.089523	2023-03-30 13:26:09.089523
151	1co0n921t9663b567a94da194a4ae1e5	t	2023-03-30 13:26:39.05193	2023-03-30 13:26:39.05193
152	1co0n921t9663b567a94da254a4ae1e7	t	2023-03-30 13:26:39.089933	2023-03-30 13:26:39.089933
153	1co0n921t9663b567a94da194a4ae1e5	t	2023-03-30 13:27:09.054438	2023-03-30 13:27:09.054438
154	1co0n921t9663b567a94da254a4ae1e7	t	2023-03-30 13:27:09.1011	2023-03-30 13:27:09.1011
155	1co0n921t9663b567a94da194a4ae1e5	t	2023-03-30 13:27:39.055524	2023-03-30 13:27:39.055524
156	1co0n921t9663b567a94da254a4ae1e7	t	2023-03-30 13:27:39.100535	2023-03-30 13:27:39.100535
157	1co0n921t9663b567a94da194a4ae1e5	t	2023-03-30 13:28:09.07905	2023-03-30 13:28:09.07905
158	1co0n921t9663b567a94da254a4ae1e7	t	2023-03-30 13:28:09.176876	2023-03-30 13:28:09.176876
159	1co0n921t9663b567a94da194a4ae1e5	t	2023-03-30 13:28:39.060281	2023-03-30 13:28:39.060281
160	1co0n921t9663b567a94da254a4ae1e7	t	2023-03-30 13:28:39.091028	2023-03-30 13:28:39.091028
161	1co0n921t9663b567a94da194a4ae1e5	t	2023-03-30 13:29:09.158267	2023-03-30 13:29:09.158267
162	1co0n921t9663b567a94da254a4ae1e7	t	2023-03-30 13:29:09.247508	2023-03-30 13:29:09.247508
163	1co0n921t9663b567a94da194a4ae1e5	t	2023-03-30 13:29:39.066988	2023-03-30 13:29:39.066988
164	1co0n921t9663b567a94da254a4ae1e7	t	2023-03-30 13:29:39.099265	2023-03-30 13:29:39.099265
165	1co0n921t9663b567a94da194a4ae1e5	t	2023-03-30 13:30:09.127046	2023-03-30 13:30:09.127046
166	1co0n921t9663b567a94da254a4ae1e7	t	2023-03-30 13:30:09.216692	2023-03-30 13:30:09.216692
167	1co0n921t9663b567a94da194a4ae1e5	t	2023-03-30 13:30:39.066651	2023-03-30 13:30:39.066651
168	1co0n921t9663b567a94da254a4ae1e7	t	2023-03-30 13:30:39.099598	2023-03-30 13:30:39.099598
169	1co0n921t9663b567a94da194a4ae1e5	t	2023-03-30 13:31:09.098098	2023-03-30 13:31:09.098098
170	1co0n921t9663b567a94da254a4ae1e7	t	2023-03-30 13:31:09.184385	2023-03-30 13:31:09.184385
171	1co0n921t9663b567a94da194a4ae1e5	t	2023-03-30 13:31:39.180953	2023-03-30 13:31:39.180953
172	1co0n921t9663b567a94da254a4ae1e7	t	2023-03-30 13:31:39.215578	2023-03-30 13:31:39.215578
173	1co0n921t9663b567a94da194a4ae1e5	t	2023-03-30 13:32:09.079604	2023-03-30 13:32:09.079604
174	1co0n921t9663b567a94da254a4ae1e7	t	2023-03-30 13:32:09.18919	2023-03-30 13:32:09.18919
\.


--
-- TOC entry 3348 (class 0 OID 17229)
-- Dependencies: 219
-- Data for Name: data; Type: TABLE DATA; Schema: public; Owner: me
--

COPY public.data (id, s_id, val, h_id, c_id, created_at, updated_at) FROM stdin;
1	23000C01	208	15	15	2023-03-29 17:21:38.206391	2023-03-29 17:21:38.206391
2	23000C01	-51	15	15	2023-03-29 17:21:38.21248	2023-03-29 17:21:38.21248
3	24002901	103	15	15	2023-03-29 17:21:38.214867	2023-03-29 17:21:38.214867
4	24002902	23	15	15	2023-03-29 17:21:38.216554	2023-03-29 17:21:38.216554
5	23000C01	208	16	16	2023-03-29 17:21:38.262576	2023-03-29 17:21:38.262576
6	23000C01	-60	16	16	2023-03-29 17:21:38.264613	2023-03-29 17:21:38.264613
7	24002901	103	16	16	2023-03-29 17:21:38.267103	2023-03-29 17:21:38.267103
8	24002902	23	16	16	2023-03-29 17:21:38.269227	2023-03-29 17:21:38.269227
9	23000C01	217	17	17	2023-03-29 17:22:08.156135	2023-03-29 17:22:08.156135
10	23000C01	-64	17	17	2023-03-29 17:22:08.161102	2023-03-29 17:22:08.161102
11	24002901	103	17	17	2023-03-29 17:22:08.162919	2023-03-29 17:22:08.162919
12	24002902	23	17	17	2023-03-29 17:22:08.164761	2023-03-29 17:22:08.164761
13	23000C01	217	18	18	2023-03-29 17:22:08.245989	2023-03-29 17:22:08.245989
14	23000C01	-64	18	18	2023-03-29 17:22:08.247769	2023-03-29 17:22:08.247769
15	24002901	103	18	18	2023-03-29 17:22:08.249706	2023-03-29 17:22:08.249706
16	24002902	23	18	18	2023-03-29 17:22:08.251718	2023-03-29 17:22:08.251718
17	23000C01	205	19	19	2023-03-29 17:40:38.182652	2023-03-29 17:40:38.182652
18	23000C01	-69	19	19	2023-03-29 17:40:38.187588	2023-03-29 17:40:38.187588
19	24002901	103	19	19	2023-03-29 17:40:38.190383	2023-03-29 17:40:38.190383
20	24002902	23	19	19	2023-03-29 17:40:38.192698	2023-03-29 17:40:38.192698
21	23000C01	205	20	20	2023-03-29 17:40:38.258447	2023-03-29 17:40:38.258447
22	23000C01	-65	20	20	2023-03-29 17:40:38.263226	2023-03-29 17:40:38.263226
23	24002901	103	20	20	2023-03-29 17:40:38.265502	2023-03-29 17:40:38.265502
24	24002902	23	20	20	2023-03-29 17:40:38.268598	2023-03-29 17:40:38.268598
25	23000C01	213	21	21	2023-03-29 17:41:08.142049	2023-03-29 17:41:08.142049
26	23000C01	-56	21	21	2023-03-29 17:41:08.146095	2023-03-29 17:41:08.146095
27	24002901	103	21	21	2023-03-29 17:41:08.147969	2023-03-29 17:41:08.147969
28	24002902	23	21	21	2023-03-29 17:41:08.149749	2023-03-29 17:41:08.149749
29	23000C01	213	22	22	2023-03-29 17:41:08.250228	2023-03-29 17:41:08.250228
30	23000C01	-69	22	22	2023-03-29 17:41:08.253465	2023-03-29 17:41:08.253465
31	24002901	103	22	22	2023-03-29 17:41:08.25573	2023-03-29 17:41:08.25573
32	24002902	23	22	22	2023-03-29 17:41:08.257748	2023-03-29 17:41:08.257748
33	23000C01	227	23	23	2023-03-29 17:41:38.123102	2023-03-29 17:41:38.123102
34	23000C01	-65	23	23	2023-03-29 17:41:38.127336	2023-03-29 17:41:38.127336
35	24002901	103	23	23	2023-03-29 17:41:38.128982	2023-03-29 17:41:38.128982
36	24002902	23	23	23	2023-03-29 17:41:38.130599	2023-03-29 17:41:38.130599
37	23000C01	227	24	24	2023-03-29 17:41:38.148641	2023-03-29 17:41:38.148641
38	23000C01	-69	24	24	2023-03-29 17:41:38.150539	2023-03-29 17:41:38.150539
39	24002901	103	24	24	2023-03-29 17:41:38.152578	2023-03-29 17:41:38.152578
40	24002902	23	24	24	2023-03-29 17:41:38.154393	2023-03-29 17:41:38.154393
41	23000C01	219	25	25	2023-03-29 17:42:08.125711	2023-03-29 17:42:08.125711
42	23000C01	-52	25	25	2023-03-29 17:42:08.129477	2023-03-29 17:42:08.129477
43	24002901	103	25	25	2023-03-29 17:42:08.130869	2023-03-29 17:42:08.130869
44	24002902	23	25	25	2023-03-29 17:42:08.132257	2023-03-29 17:42:08.132257
45	23000C01	219	26	26	2023-03-29 17:42:08.145462	2023-03-29 17:42:08.145462
46	23000C01	-69	26	26	2023-03-29 17:42:08.147425	2023-03-29 17:42:08.147425
47	24002901	103	26	26	2023-03-29 17:42:08.148798	2023-03-29 17:42:08.148798
48	24002902	23	26	26	2023-03-29 17:42:08.149947	2023-03-29 17:42:08.149947
49	23000C01	202	27	27	2023-03-29 17:43:38.161005	2023-03-29 17:43:38.161005
50	23000C01	-66	27	27	2023-03-29 17:43:38.16591	2023-03-29 17:43:38.16591
51	24002901	103	27	27	2023-03-29 17:43:38.168095	2023-03-29 17:43:38.168095
52	24002902	23	27	27	2023-03-29 17:43:38.17058	2023-03-29 17:43:38.17058
53	23000C01	202	28	28	2023-03-29 17:43:38.268675	2023-03-29 17:43:38.268675
54	23000C01	-69	28	28	2023-03-29 17:43:38.273008	2023-03-29 17:43:38.273008
55	24002901	103	28	28	2023-03-29 17:43:38.275595	2023-03-29 17:43:38.275595
56	24002902	23	28	28	2023-03-29 17:43:38.278177	2023-03-29 17:43:38.278177
57	23000C01	232	29	29	2023-03-29 17:44:08.138815	2023-03-29 17:44:08.138815
58	23000C01	-60	29	29	2023-03-29 17:44:08.143395	2023-03-29 17:44:08.143395
59	24002901	103	29	29	2023-03-29 17:44:08.145339	2023-03-29 17:44:08.145339
60	24002902	23	29	29	2023-03-29 17:44:08.147559	2023-03-29 17:44:08.147559
61	23000C01	232	30	30	2023-03-29 17:44:08.160643	2023-03-29 17:44:08.160643
62	23000C01	-56	30	30	2023-03-29 17:44:08.162765	2023-03-29 17:44:08.162765
63	24002901	103	30	30	2023-03-29 17:44:08.16571	2023-03-29 17:44:08.16571
64	24002902	23	30	30	2023-03-29 17:44:08.167657	2023-03-29 17:44:08.167657
65	23000C01	201	31	31	2023-03-29 17:48:38.164858	2023-03-29 17:48:38.164858
66	23000C01	-66	31	31	2023-03-29 17:48:38.171145	2023-03-29 17:48:38.171145
67	24002901	103	31	31	2023-03-29 17:48:38.174285	2023-03-29 17:48:38.174285
68	24002902	23	31	31	2023-03-29 17:48:38.177813	2023-03-29 17:48:38.177813
69	23000C01	201	32	32	2023-03-29 17:48:38.280953	2023-03-29 17:48:38.280953
70	23000C01	-69	32	32	2023-03-29 17:48:38.286463	2023-03-29 17:48:38.286463
71	24002901	103	32	32	2023-03-29 17:48:38.289071	2023-03-29 17:48:38.289071
72	24002902	23	32	32	2023-03-29 17:48:38.2915	2023-03-29 17:48:38.2915
73	23000C01	228	33	33	2023-03-29 17:49:08.142814	2023-03-29 17:49:08.142814
74	23000C01	-52	33	33	2023-03-29 17:49:08.147254	2023-03-29 17:49:08.147254
75	24002901	103	33	33	2023-03-29 17:49:08.149026	2023-03-29 17:49:08.149026
76	24002902	23	33	33	2023-03-29 17:49:08.151075	2023-03-29 17:49:08.151075
77	23000C01	228	34	34	2023-03-29 17:49:08.268458	2023-03-29 17:49:08.268458
78	23000C01	-61	34	34	2023-03-29 17:49:08.273724	2023-03-29 17:49:08.273724
79	24002901	103	34	34	2023-03-29 17:49:08.277672	2023-03-29 17:49:08.277672
80	24002902	23	34	34	2023-03-29 17:49:08.28001	2023-03-29 17:49:08.28001
81	23000C01	208	35	35	2023-03-29 17:49:38.133053	2023-03-29 17:49:38.133053
82	23000C01	-59	35	35	2023-03-29 17:49:38.137547	2023-03-29 17:49:38.137547
83	24002901	103	35	35	2023-03-29 17:49:38.13926	2023-03-29 17:49:38.13926
84	24002902	23	35	35	2023-03-29 17:49:38.140914	2023-03-29 17:49:38.140914
85	23000C01	208	36	36	2023-03-29 17:49:38.167611	2023-03-29 17:49:38.167611
86	23000C01	-70	36	36	2023-03-29 17:49:38.169397	2023-03-29 17:49:38.169397
87	24002901	103	36	36	2023-03-29 17:49:38.17115	2023-03-29 17:49:38.17115
88	24002902	23	36	36	2023-03-29 17:49:38.17265	2023-03-29 17:49:38.17265
89	23000C01	209	37	37	2023-03-29 17:50:08.132943	2023-03-29 17:50:08.132943
90	23000C01	-69	37	37	2023-03-29 17:50:08.138168	2023-03-29 17:50:08.138168
91	24002901	103	37	37	2023-03-29 17:50:08.139963	2023-03-29 17:50:08.139963
92	24002902	23	37	37	2023-03-29 17:50:08.141611	2023-03-29 17:50:08.141611
93	23000C01	209	38	38	2023-03-29 17:50:08.160044	2023-03-29 17:50:08.160044
94	23000C01	-55	38	38	2023-03-29 17:50:08.161706	2023-03-29 17:50:08.161706
95	24002901	103	38	38	2023-03-29 17:50:08.163389	2023-03-29 17:50:08.163389
96	24002902	23	38	38	2023-03-29 17:50:08.164805	2023-03-29 17:50:08.164805
97	23000C01	218	39	39	2023-03-29 17:50:38.185781	2023-03-29 17:50:38.185781
98	23000C01	-52	39	39	2023-03-29 17:50:38.189263	2023-03-29 17:50:38.189263
99	24002901	103	39	39	2023-03-29 17:50:38.193387	2023-03-29 17:50:38.193387
100	24002902	23	39	39	2023-03-29 17:50:38.195171	2023-03-29 17:50:38.195171
101	23000C01	218	40	40	2023-03-29 17:50:38.277673	2023-03-29 17:50:38.277673
102	23000C01	-53	40	40	2023-03-29 17:50:38.279548	2023-03-29 17:50:38.279548
103	24002901	103	40	40	2023-03-29 17:50:38.281435	2023-03-29 17:50:38.281435
104	24002902	23	40	40	2023-03-29 17:50:38.282868	2023-03-29 17:50:38.282868
105	23000C01	225	41	41	2023-03-29 17:51:08.135969	2023-03-29 17:51:08.135969
106	23000C01	-51	41	41	2023-03-29 17:51:08.140436	2023-03-29 17:51:08.140436
107	24002901	103	41	41	2023-03-29 17:51:08.141819	2023-03-29 17:51:08.141819
108	24002902	23	41	41	2023-03-29 17:51:08.14327	2023-03-29 17:51:08.14327
109	23000C01	225	42	42	2023-03-29 17:51:08.154558	2023-03-29 17:51:08.154558
110	23000C01	-51	42	42	2023-03-29 17:51:08.156296	2023-03-29 17:51:08.156296
111	24002901	103	42	42	2023-03-29 17:51:08.158153	2023-03-29 17:51:08.158153
112	24002902	23	42	42	2023-03-29 17:51:08.159591	2023-03-29 17:51:08.159591
113	23000C01	217	43	43	2023-03-30 12:46:39.011993	2023-03-30 12:46:39.011993
114	23000C01	-60	43	43	2023-03-30 12:46:39.020587	2023-03-30 12:46:39.020587
115	24002901	103	43	43	2023-03-30 12:46:39.022595	2023-03-30 12:46:39.022595
116	24002902	23	43	43	2023-03-30 12:46:39.024401	2023-03-30 12:46:39.024401
117	23000C01	217	44	44	2023-03-30 12:46:39.036695	2023-03-30 12:46:39.036695
118	23000C01	-67	44	44	2023-03-30 12:46:39.038503	2023-03-30 12:46:39.038503
119	24002901	103	44	44	2023-03-30 12:46:39.040164	2023-03-30 12:46:39.040164
120	24002902	23	44	44	2023-03-30 12:46:39.042065	2023-03-30 12:46:39.042065
121	23000C01	230	45	45	2023-03-30 12:47:08.97306	2023-03-30 12:47:08.97306
122	23000C01	-61	45	45	2023-03-30 12:47:08.976876	2023-03-30 12:47:08.976876
123	24002901	103	45	45	2023-03-30 12:47:08.978199	2023-03-30 12:47:08.978199
124	24002902	23	45	45	2023-03-30 12:47:08.979771	2023-03-30 12:47:08.979771
125	23000C01	230	46	46	2023-03-30 12:47:09.022204	2023-03-30 12:47:09.022204
126	23000C01	-70	46	46	2023-03-30 12:47:09.023667	2023-03-30 12:47:09.023667
127	24002901	103	46	46	2023-03-30 12:47:09.02497	2023-03-30 12:47:09.02497
128	24002902	23	46	46	2023-03-30 12:47:09.026088	2023-03-30 12:47:09.026088
129	23000C01	211	47	47	2023-03-30 12:47:38.972474	2023-03-30 12:47:38.972474
130	23000C01	-62	47	47	2023-03-30 12:47:38.976204	2023-03-30 12:47:38.976204
131	24002901	103	47	47	2023-03-30 12:47:38.9774	2023-03-30 12:47:38.9774
132	24002902	23	47	47	2023-03-30 12:47:38.978546	2023-03-30 12:47:38.978546
133	23000C01	211	48	48	2023-03-30 12:47:39.0368	2023-03-30 12:47:39.0368
134	23000C01	-69	48	48	2023-03-30 12:47:39.038026	2023-03-30 12:47:39.038026
135	24002901	103	48	48	2023-03-30 12:47:39.039198	2023-03-30 12:47:39.039198
136	24002902	23	48	48	2023-03-30 12:47:39.040692	2023-03-30 12:47:39.040692
137	23000C01	214	49	49	2023-03-30 12:48:08.977014	2023-03-30 12:48:08.977014
138	23000C01	-57	49	49	2023-03-30 12:48:08.980836	2023-03-30 12:48:08.980836
139	24002901	103	49	49	2023-03-30 12:48:08.982185	2023-03-30 12:48:08.982185
140	24002902	23	49	49	2023-03-30 12:48:08.983381	2023-03-30 12:48:08.983381
141	23000C01	214	50	50	2023-03-30 12:48:09.035463	2023-03-30 12:48:09.035463
142	23000C01	-55	50	50	2023-03-30 12:48:09.0367	2023-03-30 12:48:09.0367
143	24002901	103	50	50	2023-03-30 12:48:09.03798	2023-03-30 12:48:09.03798
144	24002902	23	50	50	2023-03-30 12:48:09.038973	2023-03-30 12:48:09.038973
145	23000C01	227	51	51	2023-03-30 12:48:38.973529	2023-03-30 12:48:38.973529
146	23000C01	-68	51	51	2023-03-30 12:48:38.977357	2023-03-30 12:48:38.977357
147	24002901	103	51	51	2023-03-30 12:48:38.978586	2023-03-30 12:48:38.978586
148	24002902	23	51	51	2023-03-30 12:48:38.979931	2023-03-30 12:48:38.979931
149	23000C01	227	52	52	2023-03-30 12:48:39.02111	2023-03-30 12:48:39.02111
150	23000C01	-51	52	52	2023-03-30 12:48:39.022371	2023-03-30 12:48:39.022371
151	24002901	103	52	52	2023-03-30 12:48:39.023534	2023-03-30 12:48:39.023534
152	24002902	23	52	52	2023-03-30 12:48:39.024511	2023-03-30 12:48:39.024511
153	23000C01	234	53	53	2023-03-30 12:49:08.972808	2023-03-30 12:49:08.972808
154	23000C01	-66	53	53	2023-03-30 12:49:08.976554	2023-03-30 12:49:08.976554
155	24002901	103	53	53	2023-03-30 12:49:08.977831	2023-03-30 12:49:08.977831
156	24002902	23	53	53	2023-03-30 12:49:08.979231	2023-03-30 12:49:08.979231
157	23000C01	234	54	54	2023-03-30 12:49:09.033663	2023-03-30 12:49:09.033663
158	23000C01	-63	54	54	2023-03-30 12:49:09.034879	2023-03-30 12:49:09.034879
159	24002901	103	54	54	2023-03-30 12:49:09.036201	2023-03-30 12:49:09.036201
160	24002902	23	54	54	2023-03-30 12:49:09.037243	2023-03-30 12:49:09.037243
161	23000C01	203	55	55	2023-03-30 12:49:38.891076	2023-03-30 12:49:38.891076
162	23000C01	-67	55	55	2023-03-30 12:49:38.894046	2023-03-30 12:49:38.894046
163	24002901	103	55	55	2023-03-30 12:49:38.89535	2023-03-30 12:49:38.89535
164	24002902	23	55	55	2023-03-30 12:49:38.896986	2023-03-30 12:49:38.896986
165	23000C01	203	56	56	2023-03-30 12:49:39.027367	2023-03-30 12:49:39.027367
166	23000C01	-61	56	56	2023-03-30 12:49:39.028707	2023-03-30 12:49:39.028707
167	24002901	103	56	56	2023-03-30 12:49:39.030006	2023-03-30 12:49:39.030006
168	24002902	23	56	56	2023-03-30 12:49:39.030996	2023-03-30 12:49:39.030996
169	23000C01	233	57	57	2023-03-30 12:50:08.980256	2023-03-30 12:50:08.980256
170	23000C01	-68	57	57	2023-03-30 12:50:08.984393	2023-03-30 12:50:08.984393
171	24002901	103	57	57	2023-03-30 12:50:08.98578	2023-03-30 12:50:08.98578
172	24002902	23	57	57	2023-03-30 12:50:08.987135	2023-03-30 12:50:08.987135
173	23000C01	233	58	58	2023-03-30 12:50:09.04201	2023-03-30 12:50:09.04201
174	23000C01	-52	58	58	2023-03-30 12:50:09.043473	2023-03-30 12:50:09.043473
175	24002901	103	58	58	2023-03-30 12:50:09.044782	2023-03-30 12:50:09.044782
176	24002902	23	58	58	2023-03-30 12:50:09.045925	2023-03-30 12:50:09.045925
177	23000C01	213	59	59	2023-03-30 12:50:38.987476	2023-03-30 12:50:38.987476
178	23000C01	-66	59	59	2023-03-30 12:50:38.991993	2023-03-30 12:50:38.991993
179	24002901	103	59	59	2023-03-30 12:50:38.993366	2023-03-30 12:50:38.993366
180	24002902	23	59	59	2023-03-30 12:50:38.994698	2023-03-30 12:50:38.994698
181	23000C01	213	60	60	2023-03-30 12:50:39.037643	2023-03-30 12:50:39.037643
182	23000C01	-57	60	60	2023-03-30 12:50:39.039313	2023-03-30 12:50:39.039313
183	24002901	103	60	60	2023-03-30 12:50:39.040988	2023-03-30 12:50:39.040988
184	24002902	23	60	60	2023-03-30 12:50:39.042136	2023-03-30 12:50:39.042136
185	23000C01	201	61	61	2023-03-30 12:51:08.983555	2023-03-30 12:51:08.983555
186	23000C01	-63	61	61	2023-03-30 12:51:08.987373	2023-03-30 12:51:08.987373
187	24002901	103	61	61	2023-03-30 12:51:08.988577	2023-03-30 12:51:08.988577
188	24002902	23	61	61	2023-03-30 12:51:08.989859	2023-03-30 12:51:08.989859
189	23000C01	201	62	62	2023-03-30 12:51:09.051751	2023-03-30 12:51:09.051751
190	23000C01	-68	62	62	2023-03-30 12:51:09.052932	2023-03-30 12:51:09.052932
191	24002901	103	62	62	2023-03-30 12:51:09.054098	2023-03-30 12:51:09.054098
192	24002902	23	62	62	2023-03-30 12:51:09.055071	2023-03-30 12:51:09.055071
193	23000C01	213	63	63	2023-03-30 12:51:38.976051	2023-03-30 12:51:38.976051
194	23000C01	-51	63	63	2023-03-30 12:51:38.979759	2023-03-30 12:51:38.979759
195	24002901	103	63	63	2023-03-30 12:51:38.980976	2023-03-30 12:51:38.980976
196	24002902	23	63	63	2023-03-30 12:51:38.982939	2023-03-30 12:51:38.982939
197	23000C01	213	64	64	2023-03-30 12:51:39.039391	2023-03-30 12:51:39.039391
198	23000C01	-64	64	64	2023-03-30 12:51:39.040567	2023-03-30 12:51:39.040567
199	24002901	103	64	64	2023-03-30 12:51:39.041732	2023-03-30 12:51:39.041732
200	24002902	23	64	64	2023-03-30 12:51:39.04268	2023-03-30 12:51:39.04268
201	23000C01	206	65	65	2023-03-30 12:52:08.978629	2023-03-30 12:52:08.978629
202	23000C01	-62	65	65	2023-03-30 12:52:08.982326	2023-03-30 12:52:08.982326
203	24002901	103	65	65	2023-03-30 12:52:08.983561	2023-03-30 12:52:08.983561
204	24002902	23	65	65	2023-03-30 12:52:08.98493	2023-03-30 12:52:08.98493
205	23000C01	206	66	66	2023-03-30 12:52:09.041766	2023-03-30 12:52:09.041766
206	23000C01	-70	66	66	2023-03-30 12:52:09.043002	2023-03-30 12:52:09.043002
207	24002901	103	66	66	2023-03-30 12:52:09.045263	2023-03-30 12:52:09.045263
208	24002902	23	66	66	2023-03-30 12:52:09.046391	2023-03-30 12:52:09.046391
209	23000C01	225	67	67	2023-03-30 12:52:38.981488	2023-03-30 12:52:38.981488
210	23000C01	-62	67	67	2023-03-30 12:52:38.985465	2023-03-30 12:52:38.985465
211	24002901	103	67	67	2023-03-30 12:52:38.986775	2023-03-30 12:52:38.986775
212	24002902	23	67	67	2023-03-30 12:52:38.988027	2023-03-30 12:52:38.988027
213	23000C01	225	68	68	2023-03-30 12:52:39.041402	2023-03-30 12:52:39.041402
214	23000C01	-59	68	68	2023-03-30 12:52:39.042637	2023-03-30 12:52:39.042637
215	24002901	103	68	68	2023-03-30 12:52:39.043818	2023-03-30 12:52:39.043818
216	24002902	23	68	68	2023-03-30 12:52:39.045058	2023-03-30 12:52:39.045058
217	23000C01	221	69	69	2023-03-30 12:53:08.984375	2023-03-30 12:53:08.984375
218	23000C01	-62	69	69	2023-03-30 12:53:08.989094	2023-03-30 12:53:08.989094
219	24002901	103	69	69	2023-03-30 12:53:08.990408	2023-03-30 12:53:08.990408
220	24002902	23	69	69	2023-03-30 12:53:08.991737	2023-03-30 12:53:08.991737
221	23000C01	221	70	70	2023-03-30 12:53:09.035433	2023-03-30 12:53:09.035433
222	23000C01	-54	70	70	2023-03-30 12:53:09.037083	2023-03-30 12:53:09.037083
223	24002901	103	70	70	2023-03-30 12:53:09.038452	2023-03-30 12:53:09.038452
224	24002902	23	70	70	2023-03-30 12:53:09.039621	2023-03-30 12:53:09.039621
225	23000C01	217	71	71	2023-03-30 12:53:38.979769	2023-03-30 12:53:38.979769
226	23000C01	-62	71	71	2023-03-30 12:53:38.983364	2023-03-30 12:53:38.983364
227	24002901	103	71	71	2023-03-30 12:53:38.984539	2023-03-30 12:53:38.984539
228	24002902	23	71	71	2023-03-30 12:53:38.9857	2023-03-30 12:53:38.9857
229	23000C01	217	72	72	2023-03-30 12:53:39.04332	2023-03-30 12:53:39.04332
230	23000C01	-69	72	72	2023-03-30 12:53:39.044521	2023-03-30 12:53:39.044521
231	24002901	103	72	72	2023-03-30 12:53:39.045631	2023-03-30 12:53:39.045631
232	24002902	23	72	72	2023-03-30 12:53:39.046719	2023-03-30 12:53:39.046719
233	23000C01	233	74	74	2023-03-30 12:54:09.133256	2023-03-30 12:54:09.133256
234	23000C01	233	74	74	2023-03-30 12:54:09.135129	2023-03-30 12:54:09.135129
235	23000C01	-64	74	74	2023-03-30 12:54:09.13829	2023-03-30 12:54:09.13829
236	23000C01	-52	74	74	2023-03-30 12:54:09.139547	2023-03-30 12:54:09.139547
237	24002901	103	74	74	2023-03-30 12:54:09.14026	2023-03-30 12:54:09.14026
238	24002901	103	74	74	2023-03-30 12:54:09.141642	2023-03-30 12:54:09.141642
239	24002902	23	74	74	2023-03-30 12:54:09.142756	2023-03-30 12:54:09.142756
240	24002902	23	74	74	2023-03-30 12:54:09.143906	2023-03-30 12:54:09.143906
241	23000C01	206	75	75	2023-03-30 12:54:38.987027	2023-03-30 12:54:38.987027
242	23000C01	-53	75	75	2023-03-30 12:54:38.991375	2023-03-30 12:54:38.991375
243	24002901	103	75	75	2023-03-30 12:54:38.992831	2023-03-30 12:54:38.992831
244	24002902	23	75	75	2023-03-30 12:54:38.994367	2023-03-30 12:54:38.994367
245	23000C01	206	76	76	2023-03-30 12:54:39.046143	2023-03-30 12:54:39.046143
246	23000C01	-56	76	76	2023-03-30 12:54:39.047696	2023-03-30 12:54:39.047696
247	24002901	103	76	76	2023-03-30 12:54:39.049068	2023-03-30 12:54:39.049068
248	24002902	23	76	76	2023-03-30 12:54:39.050658	2023-03-30 12:54:39.050658
249	23000C01	226	78	78	2023-03-30 12:55:09.112896	2023-03-30 12:55:09.112896
250	23000C01	226	78	78	2023-03-30 12:55:09.113638	2023-03-30 12:55:09.113638
251	23000C01	-70	78	78	2023-03-30 12:55:09.116985	2023-03-30 12:55:09.116985
252	23000C01	-68	78	78	2023-03-30 12:55:09.118206	2023-03-30 12:55:09.118206
253	24002901	103	78	78	2023-03-30 12:55:09.118777	2023-03-30 12:55:09.118777
254	24002901	103	78	78	2023-03-30 12:55:09.119397	2023-03-30 12:55:09.119397
255	24002902	23	78	78	2023-03-30 12:55:09.120264	2023-03-30 12:55:09.120264
256	24002902	23	78	78	2023-03-30 12:55:09.12089	2023-03-30 12:55:09.12089
257	23000C01	207	79	79	2023-03-30 12:55:38.990047	2023-03-30 12:55:38.990047
258	23000C01	-68	79	79	2023-03-30 12:55:38.994028	2023-03-30 12:55:38.994028
259	24002901	103	79	79	2023-03-30 12:55:38.995888	2023-03-30 12:55:38.995888
260	24002902	23	79	79	2023-03-30 12:55:38.997929	2023-03-30 12:55:38.997929
261	23000C01	207	80	80	2023-03-30 12:55:39.052479	2023-03-30 12:55:39.052479
262	23000C01	-66	80	80	2023-03-30 12:55:39.054687	2023-03-30 12:55:39.054687
263	24002901	103	80	80	2023-03-30 12:55:39.056517	2023-03-30 12:55:39.056517
264	24002902	23	80	80	2023-03-30 12:55:39.057749	2023-03-30 12:55:39.057749
265	23000C01	219	81	81	2023-03-30 12:56:08.913776	2023-03-30 12:56:08.913776
266	23000C01	-63	81	81	2023-03-30 12:56:08.917242	2023-03-30 12:56:08.917242
267	24002901	103	81	81	2023-03-30 12:56:08.919711	2023-03-30 12:56:08.919711
268	24002902	23	81	81	2023-03-30 12:56:08.92206	2023-03-30 12:56:08.92206
269	23000C01	219	82	82	2023-03-30 12:56:09.038891	2023-03-30 12:56:09.038891
270	23000C01	-66	82	82	2023-03-30 12:56:09.040694	2023-03-30 12:56:09.040694
271	24002901	103	82	82	2023-03-30 12:56:09.042342	2023-03-30 12:56:09.042342
272	24002902	23	82	82	2023-03-30 12:56:09.043575	2023-03-30 12:56:09.043575
273	23000C01	227	83	83	2023-03-30 12:56:39.060379	2023-03-30 12:56:39.060379
274	23000C01	-57	83	83	2023-03-30 12:56:39.065542	2023-03-30 12:56:39.065542
276	24002901	103	83	83	2023-03-30 12:56:39.068278	2023-03-30 12:56:39.068278
275	23000C01	227	84	84	2023-03-30 12:56:39.0669	2023-03-30 12:56:39.0669
277	24002902	23	83	83	2023-03-30 12:56:39.070127	2023-03-30 12:56:39.070127
278	23000C01	-70	84	84	2023-03-30 12:56:39.071941	2023-03-30 12:56:39.071941
279	24002901	103	84	84	2023-03-30 12:56:39.07385	2023-03-30 12:56:39.07385
280	24002902	23	84	84	2023-03-30 12:56:39.0757	2023-03-30 12:56:39.0757
281	23000C01	212	85	85	2023-03-30 12:57:08.907076	2023-03-30 12:57:08.907076
282	23000C01	-67	85	85	2023-03-30 12:57:08.91002	2023-03-30 12:57:08.91002
283	24002901	103	85	85	2023-03-30 12:57:08.911436	2023-03-30 12:57:08.911436
284	24002902	23	85	85	2023-03-30 12:57:08.913501	2023-03-30 12:57:08.913501
285	23000C01	212	86	86	2023-03-30 12:57:09.04731	2023-03-30 12:57:09.04731
286	23000C01	-65	86	86	2023-03-30 12:57:09.048719	2023-03-30 12:57:09.048719
287	24002901	103	86	86	2023-03-30 12:57:09.050003	2023-03-30 12:57:09.050003
288	24002902	23	86	86	2023-03-30 12:57:09.051295	2023-03-30 12:57:09.051295
289	23000C01	231	87	87	2023-03-30 12:57:38.992241	2023-03-30 12:57:38.992241
290	23000C01	-52	87	87	2023-03-30 12:57:38.996204	2023-03-30 12:57:38.996204
291	24002901	103	87	87	2023-03-30 12:57:38.997578	2023-03-30 12:57:38.997578
292	24002902	23	87	87	2023-03-30 12:57:38.998894	2023-03-30 12:57:38.998894
293	23000C01	231	88	88	2023-03-30 12:57:39.05145	2023-03-30 12:57:39.05145
294	23000C01	-57	88	88	2023-03-30 12:57:39.052748	2023-03-30 12:57:39.052748
295	24002901	103	88	88	2023-03-30 12:57:39.054025	2023-03-30 12:57:39.054025
296	24002902	23	88	88	2023-03-30 12:57:39.055322	2023-03-30 12:57:39.055322
297	23000C01	233	89	89	2023-03-30 12:58:08.915434	2023-03-30 12:58:08.915434
298	23000C01	-57	89	89	2023-03-30 12:58:08.919298	2023-03-30 12:58:08.919298
299	24002901	103	89	89	2023-03-30 12:58:08.92085	2023-03-30 12:58:08.92085
300	24002902	23	89	89	2023-03-30 12:58:08.922244	2023-03-30 12:58:08.922244
301	23000C01	233	90	90	2023-03-30 12:58:09.04861	2023-03-30 12:58:09.04861
302	23000C01	-55	90	90	2023-03-30 12:58:09.049826	2023-03-30 12:58:09.049826
303	24002901	103	90	90	2023-03-30 12:58:09.051032	2023-03-30 12:58:09.051032
304	24002902	23	90	90	2023-03-30 12:58:09.052222	2023-03-30 12:58:09.052222
305	23000C01	204	91	91	2023-03-30 12:58:39.09823	2023-03-30 12:58:39.09823
306	23000C01	-58	91	91	2023-03-30 12:58:39.102616	2023-03-30 12:58:39.102616
307	24002901	103	91	91	2023-03-30 12:58:39.104189	2023-03-30 12:58:39.104189
308	24002902	23	91	91	2023-03-30 12:58:39.105664	2023-03-30 12:58:39.105664
309	23000C01	204	92	92	2023-03-30 12:58:39.144422	2023-03-30 12:58:39.144422
310	23000C01	-68	92	92	2023-03-30 12:58:39.148152	2023-03-30 12:58:39.148152
311	24002901	103	92	92	2023-03-30 12:58:39.149621	2023-03-30 12:58:39.149621
312	24002902	23	92	92	2023-03-30 12:58:39.151001	2023-03-30 12:58:39.151001
313	23000C01	219	93	93	2023-03-30 12:59:08.91441	2023-03-30 12:59:08.91441
314	23000C01	-68	93	93	2023-03-30 12:59:08.917718	2023-03-30 12:59:08.917718
315	24002901	103	93	93	2023-03-30 12:59:08.919658	2023-03-30 12:59:08.919658
316	24002902	23	93	93	2023-03-30 12:59:08.921493	2023-03-30 12:59:08.921493
317	23000C01	219	94	94	2023-03-30 12:59:09.052475	2023-03-30 12:59:09.052475
318	23000C01	-59	94	94	2023-03-30 12:59:09.053882	2023-03-30 12:59:09.053882
319	24002901	103	94	94	2023-03-30 12:59:09.055455	2023-03-30 12:59:09.055455
320	24002902	23	94	94	2023-03-30 12:59:09.057245	2023-03-30 12:59:09.057245
321	23000C01	223	95	95	2023-03-30 12:59:38.909806	2023-03-30 12:59:38.909806
322	23000C01	-66	95	95	2023-03-30 12:59:38.912841	2023-03-30 12:59:38.912841
323	24002901	103	95	95	2023-03-30 12:59:38.914119	2023-03-30 12:59:38.914119
324	24002902	23	95	95	2023-03-30 12:59:38.916006	2023-03-30 12:59:38.916006
325	23000C01	223	96	96	2023-03-30 12:59:39.053242	2023-03-30 12:59:39.053242
326	23000C01	-51	96	96	2023-03-30 12:59:39.054639	2023-03-30 12:59:39.054639
327	24002901	103	96	96	2023-03-30 12:59:39.056169	2023-03-30 12:59:39.056169
328	24002902	23	96	96	2023-03-30 12:59:39.057423	2023-03-30 12:59:39.057423
329	23000C01	202	97	97	2023-03-30 13:00:08.996431	2023-03-30 13:00:08.996431
330	23000C01	-57	97	97	2023-03-30 13:00:09.000503	2023-03-30 13:00:09.000503
331	24002901	103	97	97	2023-03-30 13:00:09.002157	2023-03-30 13:00:09.002157
332	24002902	23	97	97	2023-03-30 13:00:09.003677	2023-03-30 13:00:09.003677
333	23000C01	202	98	98	2023-03-30 13:00:09.057212	2023-03-30 13:00:09.057212
334	23000C01	-66	98	98	2023-03-30 13:00:09.058446	2023-03-30 13:00:09.058446
335	24002901	103	98	98	2023-03-30 13:00:09.059628	2023-03-30 13:00:09.059628
336	24002902	23	98	98	2023-03-30 13:00:09.060724	2023-03-30 13:00:09.060724
337	23000C01	214	99	99	2023-03-30 13:00:38.988189	2023-03-30 13:00:38.988189
338	23000C01	-64	99	99	2023-03-30 13:00:38.992263	2023-03-30 13:00:38.992263
339	24002901	103	99	99	2023-03-30 13:00:38.993537	2023-03-30 13:00:38.993537
340	24002902	23	99	99	2023-03-30 13:00:38.994776	2023-03-30 13:00:38.994776
341	23000C01	214	100	100	2023-03-30 13:00:39.04493	2023-03-30 13:00:39.04493
342	23000C01	-64	100	100	2023-03-30 13:00:39.046146	2023-03-30 13:00:39.046146
343	24002901	103	100	100	2023-03-30 13:00:39.047333	2023-03-30 13:00:39.047333
344	24002902	23	100	100	2023-03-30 13:00:39.048445	2023-03-30 13:00:39.048445
345	23000C01	211	101	101	2023-03-30 13:01:08.996161	2023-03-30 13:01:08.996161
346	23000C01	-66	101	101	2023-03-30 13:01:09.00015	2023-03-30 13:01:09.00015
347	24002901	103	101	101	2023-03-30 13:01:09.001545	2023-03-30 13:01:09.001545
348	24002902	23	101	101	2023-03-30 13:01:09.003097	2023-03-30 13:01:09.003097
349	23000C01	211	102	102	2023-03-30 13:01:09.051839	2023-03-30 13:01:09.051839
350	23000C01	-59	102	102	2023-03-30 13:01:09.053078	2023-03-30 13:01:09.053078
351	24002901	103	102	102	2023-03-30 13:01:09.054265	2023-03-30 13:01:09.054265
352	24002902	23	102	102	2023-03-30 13:01:09.055286	2023-03-30 13:01:09.055286
353	23000C01	230	103	103	2023-03-30 13:01:38.92521	2023-03-30 13:01:38.92521
354	23000C01	-51	103	103	2023-03-30 13:01:38.928425	2023-03-30 13:01:38.928425
355	24002901	103	103	103	2023-03-30 13:01:38.930643	2023-03-30 13:01:38.930643
356	24002902	23	103	103	2023-03-30 13:01:38.933207	2023-03-30 13:01:38.933207
357	23000C01	230	104	104	2023-03-30 13:01:39.047992	2023-03-30 13:01:39.047992
358	23000C01	-57	104	104	2023-03-30 13:01:39.049796	2023-03-30 13:01:39.049796
359	24002901	103	104	104	2023-03-30 13:01:39.051481	2023-03-30 13:01:39.051481
360	24002902	23	104	104	2023-03-30 13:01:39.052806	2023-03-30 13:01:39.052806
361	23000C01	229	105	105	2023-03-30 13:06:39.031305	2023-03-30 13:06:39.031305
362	23000C01	-54	105	105	2023-03-30 13:06:39.036324	2023-03-30 13:06:39.036324
363	24002901	103	105	105	2023-03-30 13:06:39.038316	2023-03-30 13:06:39.038316
364	24002902	23	105	105	2023-03-30 13:06:39.039819	2023-03-30 13:06:39.039819
365	23000C01	229	106	106	2023-03-30 13:06:39.057084	2023-03-30 13:06:39.057084
366	23000C01	-51	106	106	2023-03-30 13:06:39.058816	2023-03-30 13:06:39.058816
367	24002901	103	106	106	2023-03-30 13:06:39.060268	2023-03-30 13:06:39.060268
368	24002902	23	106	106	2023-03-30 13:06:39.061834	2023-03-30 13:06:39.061834
369	23000C01	201	107	107	2023-03-30 13:07:09.008193	2023-03-30 13:07:09.008193
370	23000C01	-59	107	107	2023-03-30 13:07:09.012162	2023-03-30 13:07:09.012162
371	24002901	103	107	107	2023-03-30 13:07:09.013493	2023-03-30 13:07:09.013493
372	24002902	23	107	107	2023-03-30 13:07:09.014798	2023-03-30 13:07:09.014798
373	23000C01	201	108	108	2023-03-30 13:07:09.068305	2023-03-30 13:07:09.068305
374	23000C01	-68	108	108	2023-03-30 13:07:09.069625	2023-03-30 13:07:09.069625
375	24002901	103	108	108	2023-03-30 13:07:09.071321	2023-03-30 13:07:09.071321
376	24002902	23	108	108	2023-03-30 13:07:09.072739	2023-03-30 13:07:09.072739
377	23000C01	228	109	109	2023-03-30 13:07:39.002279	2023-03-30 13:07:39.002279
378	23000C01	-52	109	109	2023-03-30 13:07:39.006592	2023-03-30 13:07:39.006592
379	24002901	103	109	109	2023-03-30 13:07:39.008171	2023-03-30 13:07:39.008171
380	24002902	23	109	109	2023-03-30 13:07:39.009705	2023-03-30 13:07:39.009705
381	23000C01	228	110	110	2023-03-30 13:07:39.066061	2023-03-30 13:07:39.066061
382	23000C01	-68	110	110	2023-03-30 13:07:39.067324	2023-03-30 13:07:39.067324
383	24002901	103	110	110	2023-03-30 13:07:39.068597	2023-03-30 13:07:39.068597
384	24002902	23	110	110	2023-03-30 13:07:39.069774	2023-03-30 13:07:39.069774
385	23000C01	203	111	111	2023-03-30 13:08:39.047982	2023-03-30 13:08:39.047982
386	23000C01	-56	111	111	2023-03-30 13:08:39.052841	2023-03-30 13:08:39.052841
387	24002901	103	111	111	2023-03-30 13:08:39.05489	2023-03-30 13:08:39.05489
388	24002902	23	111	111	2023-03-30 13:08:39.056605	2023-03-30 13:08:39.056605
389	23000C01	203	112	112	2023-03-30 13:08:39.065497	2023-03-30 13:08:39.065497
390	23000C01	-68	112	112	2023-03-30 13:08:39.067731	2023-03-30 13:08:39.067731
391	24002901	103	112	112	2023-03-30 13:08:39.069441	2023-03-30 13:08:39.069441
392	24002902	23	112	112	2023-03-30 13:08:39.071362	2023-03-30 13:08:39.071362
393	23000C01	215	113	113	2023-03-30 13:11:09.035053	2023-03-30 13:11:09.035053
394	23000C01	-51	113	113	2023-03-30 13:11:09.039839	2023-03-30 13:11:09.039839
395	24002901	103	113	113	2023-03-30 13:11:09.041773	2023-03-30 13:11:09.041773
396	24002902	23	113	113	2023-03-30 13:11:09.043361	2023-03-30 13:11:09.043361
397	23000C01	215	114	114	2023-03-30 13:11:09.067729	2023-03-30 13:11:09.067729
398	23000C01	-69	114	114	2023-03-30 13:11:09.069558	2023-03-30 13:11:09.069558
399	24002901	103	114	114	2023-03-30 13:11:09.070992	2023-03-30 13:11:09.070992
400	24002902	23	114	114	2023-03-30 13:11:09.072533	2023-03-30 13:11:09.072533
401	23000C01	231	115	115	2023-03-30 13:11:39.013485	2023-03-30 13:11:39.013485
402	23000C01	-58	115	115	2023-03-30 13:11:39.017308	2023-03-30 13:11:39.017308
403	24002901	103	115	115	2023-03-30 13:11:39.018649	2023-03-30 13:11:39.018649
404	24002902	23	115	115	2023-03-30 13:11:39.020476	2023-03-30 13:11:39.020476
405	23000C01	231	116	116	2023-03-30 13:11:39.065188	2023-03-30 13:11:39.065188
406	23000C01	-70	116	116	2023-03-30 13:11:39.066546	2023-03-30 13:11:39.066546
407	24002901	103	116	116	2023-03-30 13:11:39.067889	2023-03-30 13:11:39.067889
408	24002902	23	116	116	2023-03-30 13:11:39.069409	2023-03-30 13:11:39.069409
409	23000C01	201	117	117	2023-03-30 13:12:08.93292	2023-03-30 13:12:08.93292
410	23000C01	-61	117	117	2023-03-30 13:12:08.936198	2023-03-30 13:12:08.936198
411	24002901	103	117	117	2023-03-30 13:12:08.938436	2023-03-30 13:12:08.938436
412	24002902	23	117	117	2023-03-30 13:12:08.940725	2023-03-30 13:12:08.940725
413	23000C01	201	118	118	2023-03-30 13:12:09.069707	2023-03-30 13:12:09.069707
414	23000C01	-54	118	118	2023-03-30 13:12:09.071985	2023-03-30 13:12:09.071985
415	24002901	103	118	118	2023-03-30 13:12:09.073502	2023-03-30 13:12:09.073502
416	24002902	23	118	118	2023-03-30 13:12:09.075048	2023-03-30 13:12:09.075048
417	23000C01	230	119	119	2023-03-30 13:12:39.076346	2023-03-30 13:12:39.076346
418	23000C01	-64	119	119	2023-03-30 13:12:39.082978	2023-03-30 13:12:39.082978
419	24002901	103	119	119	2023-03-30 13:12:39.085343	2023-03-30 13:12:39.085343
420	24002902	23	119	119	2023-03-30 13:12:39.087775	2023-03-30 13:12:39.087775
421	23000C01	230	120	120	2023-03-30 13:12:39.191246	2023-03-30 13:12:39.191246
422	23000C01	-62	120	120	2023-03-30 13:12:39.197872	2023-03-30 13:12:39.197872
423	24002901	103	120	120	2023-03-30 13:12:39.19992	2023-03-30 13:12:39.19992
424	24002902	23	120	120	2023-03-30 13:12:39.202213	2023-03-30 13:12:39.202213
425	23000C01	232	121	121	2023-03-30 13:13:09.264082	2023-03-30 13:13:09.264082
426	23000C01	-58	121	121	2023-03-30 13:13:09.270085	2023-03-30 13:13:09.270085
427	24002901	103	121	121	2023-03-30 13:13:09.271997	2023-03-30 13:13:09.271997
428	24002902	23	121	121	2023-03-30 13:13:09.27475	2023-03-30 13:13:09.27475
429	23000C01	232	122	122	2023-03-30 13:13:09.343807	2023-03-30 13:13:09.343807
430	23000C01	-51	122	122	2023-03-30 13:13:09.346049	2023-03-30 13:13:09.346049
431	24002901	103	122	122	2023-03-30 13:13:09.34806	2023-03-30 13:13:09.34806
432	24002902	23	122	122	2023-03-30 13:13:09.349633	2023-03-30 13:13:09.349633
433	23000C01	204	123	123	2023-03-30 13:13:39.054718	2023-03-30 13:13:39.054718
434	23000C01	-70	123	123	2023-03-30 13:13:39.060131	2023-03-30 13:13:39.060131
435	24002901	103	123	123	2023-03-30 13:13:39.061732	2023-03-30 13:13:39.061732
436	24002902	23	123	123	2023-03-30 13:13:39.063934	2023-03-30 13:13:39.063934
437	23000C01	204	124	124	2023-03-30 13:13:39.07174	2023-03-30 13:13:39.07174
438	23000C01	-52	124	124	2023-03-30 13:13:39.073267	2023-03-30 13:13:39.073267
439	24002901	103	124	124	2023-03-30 13:13:39.074876	2023-03-30 13:13:39.074876
440	24002902	23	124	124	2023-03-30 13:13:39.076197	2023-03-30 13:13:39.076197
441	23000C01	207	125	125	2023-03-30 13:14:09.120222	2023-03-30 13:14:09.120222
442	23000C01	-59	125	125	2023-03-30 13:14:09.126478	2023-03-30 13:14:09.126478
443	24002901	103	125	125	2023-03-30 13:14:09.128143	2023-03-30 13:14:09.128143
444	24002902	23	125	125	2023-03-30 13:14:09.129682	2023-03-30 13:14:09.129682
445	23000C01	207	126	126	2023-03-30 13:14:09.222372	2023-03-30 13:14:09.222372
446	23000C01	-55	126	126	2023-03-30 13:14:09.224288	2023-03-30 13:14:09.224288
447	24002901	103	126	126	2023-03-30 13:14:09.226223	2023-03-30 13:14:09.226223
448	24002902	23	126	126	2023-03-30 13:14:09.227762	2023-03-30 13:14:09.227762
449	23000C01	229	127	127	2023-03-30 13:18:09.148658	2023-03-30 13:18:09.148658
450	23000C01	-61	127	127	2023-03-30 13:18:09.15506	2023-03-30 13:18:09.15506
451	24002901	103	127	127	2023-03-30 13:18:09.157454	2023-03-30 13:18:09.157454
452	24002902	23	127	127	2023-03-30 13:18:09.159491	2023-03-30 13:18:09.159491
453	23000C01	229	128	128	2023-03-30 13:18:09.188467	2023-03-30 13:18:09.188467
454	23000C01	-67	128	128	2023-03-30 13:18:09.190584	2023-03-30 13:18:09.190584
455	24002901	103	128	128	2023-03-30 13:18:09.1926	2023-03-30 13:18:09.1926
456	24002902	23	128	128	2023-03-30 13:18:09.194329	2023-03-30 13:18:09.194329
457	23000C01	215	129	129	2023-03-30 13:18:39.114827	2023-03-30 13:18:39.114827
458	23000C01	-66	129	129	2023-03-30 13:18:39.121854	2023-03-30 13:18:39.121854
459	24002901	103	129	129	2023-03-30 13:18:39.12502	2023-03-30 13:18:39.12502
460	24002902	23	129	129	2023-03-30 13:18:39.127243	2023-03-30 13:18:39.127243
461	23000C01	215	130	130	2023-03-30 13:18:39.207413	2023-03-30 13:18:39.207413
462	23000C01	-57	130	130	2023-03-30 13:18:39.213199	2023-03-30 13:18:39.213199
463	24002901	103	130	130	2023-03-30 13:18:39.215026	2023-03-30 13:18:39.215026
464	24002902	23	130	130	2023-03-30 13:18:39.217964	2023-03-30 13:18:39.217964
465	23000C01	232	131	131	2023-03-30 13:19:09.133549	2023-03-30 13:19:09.133549
466	23000C01	-60	131	131	2023-03-30 13:19:09.141796	2023-03-30 13:19:09.141796
467	24002901	103	131	131	2023-03-30 13:19:09.146407	2023-03-30 13:19:09.146407
468	24002902	23	131	131	2023-03-30 13:19:09.151879	2023-03-30 13:19:09.151879
469	23000C01	232	132	132	2023-03-30 13:19:09.223071	2023-03-30 13:19:09.223071
470	23000C01	-61	132	132	2023-03-30 13:19:09.229231	2023-03-30 13:19:09.229231
471	24002901	103	132	132	2023-03-30 13:19:09.232725	2023-03-30 13:19:09.232725
472	24002902	23	132	132	2023-03-30 13:19:09.235298	2023-03-30 13:19:09.235298
473	23000C01	202	133	133	2023-03-30 13:19:38.9515	2023-03-30 13:19:38.9515
474	23000C01	-54	133	133	2023-03-30 13:19:38.958083	2023-03-30 13:19:38.958083
475	24002901	103	133	133	2023-03-30 13:19:38.961077	2023-03-30 13:19:38.961077
476	24002902	23	133	133	2023-03-30 13:19:38.963694	2023-03-30 13:19:38.963694
477	23000C01	202	134	134	2023-03-30 13:19:39.096171	2023-03-30 13:19:39.096171
478	23000C01	-54	134	134	2023-03-30 13:19:39.098131	2023-03-30 13:19:39.098131
479	24002901	103	134	134	2023-03-30 13:19:39.100867	2023-03-30 13:19:39.100867
480	24002902	23	134	134	2023-03-30 13:19:39.103207	2023-03-30 13:19:39.103207
481	23000C01	200	135	135	2023-03-30 13:20:39.172222	2023-03-30 13:20:39.172222
482	23000C01	-69	135	135	2023-03-30 13:20:39.177411	2023-03-30 13:20:39.177411
483	24002901	103	135	135	2023-03-30 13:20:39.18047	2023-03-30 13:20:39.18047
484	24002902	23	135	135	2023-03-30 13:20:39.184311	2023-03-30 13:20:39.184311
485	23000C01	200	136	136	2023-03-30 13:20:39.221581	2023-03-30 13:20:39.221581
486	23000C01	-65	136	136	2023-03-30 13:20:39.226476	2023-03-30 13:20:39.226476
487	24002901	103	136	136	2023-03-30 13:20:39.228497	2023-03-30 13:20:39.228497
488	24002902	23	136	136	2023-03-30 13:20:39.230422	2023-03-30 13:20:39.230422
489	23000C01	226	137	137	2023-03-30 13:21:09.06965	2023-03-30 13:21:09.06965
490	23000C01	-52	137	137	2023-03-30 13:21:09.075133	2023-03-30 13:21:09.075133
491	24002901	103	137	137	2023-03-30 13:21:09.07763	2023-03-30 13:21:09.07763
492	24002902	23	137	137	2023-03-30 13:21:09.081238	2023-03-30 13:21:09.081238
493	23000C01	226	138	138	2023-03-30 13:21:09.187685	2023-03-30 13:21:09.187685
494	23000C01	-61	138	138	2023-03-30 13:21:09.194168	2023-03-30 13:21:09.194168
495	24002901	103	138	138	2023-03-30 13:21:09.196193	2023-03-30 13:21:09.196193
496	24002902	23	138	138	2023-03-30 13:21:09.198038	2023-03-30 13:21:09.198038
497	23000C01	232	139	139	2023-03-30 13:21:39.123589	2023-03-30 13:21:39.123589
498	23000C01	-52	139	139	2023-03-30 13:21:39.131981	2023-03-30 13:21:39.131981
499	24002901	103	139	139	2023-03-30 13:21:39.135101	2023-03-30 13:21:39.135101
500	24002902	23	139	139	2023-03-30 13:21:39.138081	2023-03-30 13:21:39.138081
501	23000C01	232	140	140	2023-03-30 13:21:39.213159	2023-03-30 13:21:39.213159
502	23000C01	-57	140	140	2023-03-30 13:21:39.21939	2023-03-30 13:21:39.21939
503	24002901	103	140	140	2023-03-30 13:21:39.221574	2023-03-30 13:21:39.221574
504	24002902	23	140	140	2023-03-30 13:21:39.223902	2023-03-30 13:21:39.223902
505	23000C01	231	141	141	2023-03-30 13:22:09.095393	2023-03-30 13:22:09.095393
506	23000C01	-67	141	141	2023-03-30 13:22:09.102802	2023-03-30 13:22:09.102802
507	24002901	103	141	141	2023-03-30 13:22:09.106453	2023-03-30 13:22:09.106453
508	24002902	23	141	141	2023-03-30 13:22:09.109909	2023-03-30 13:22:09.109909
509	23000C01	231	142	142	2023-03-30 13:22:09.193996	2023-03-30 13:22:09.193996
510	23000C01	-54	142	142	2023-03-30 13:22:09.199568	2023-03-30 13:22:09.199568
511	24002901	103	142	142	2023-03-30 13:22:09.201735	2023-03-30 13:22:09.201735
512	24002902	23	142	142	2023-03-30 13:22:09.203902	2023-03-30 13:22:09.203902
513	23000C01	202	143	143	2023-03-30 13:24:38.964347	2023-03-30 13:24:38.964347
514	23000C01	-65	143	143	2023-03-30 13:24:38.969212	2023-03-30 13:24:38.969212
515	24002901	103	143	143	2023-03-30 13:24:38.972024	2023-03-30 13:24:38.972024
516	24002902	23	143	143	2023-03-30 13:24:38.975177	2023-03-30 13:24:38.975177
517	23000C01	202	144	144	2023-03-30 13:24:39.106654	2023-03-30 13:24:39.106654
518	23000C01	-51	144	144	2023-03-30 13:24:39.109511	2023-03-30 13:24:39.109511
519	24002901	103	144	144	2023-03-30 13:24:39.112367	2023-03-30 13:24:39.112367
520	24002902	23	144	144	2023-03-30 13:24:39.115017	2023-03-30 13:24:39.115017
521	23000C01	226	145	145	2023-03-30 13:25:09.103041	2023-03-30 13:25:09.103041
522	23000C01	-62	145	145	2023-03-30 13:25:09.110476	2023-03-30 13:25:09.110476
523	24002901	103	145	145	2023-03-30 13:25:09.114101	2023-03-30 13:25:09.114101
524	24002902	23	145	145	2023-03-30 13:25:09.117948	2023-03-30 13:25:09.117948
525	23000C01	226	146	146	2023-03-30 13:25:09.19897	2023-03-30 13:25:09.19897
526	23000C01	-52	146	146	2023-03-30 13:25:09.204927	2023-03-30 13:25:09.204927
527	24002901	103	146	146	2023-03-30 13:25:09.207033	2023-03-30 13:25:09.207033
528	24002902	23	146	146	2023-03-30 13:25:09.20938	2023-03-30 13:25:09.20938
529	23000C01	214	147	147	2023-03-30 13:25:39.069287	2023-03-30 13:25:39.069287
530	23000C01	-58	147	147	2023-03-30 13:25:39.074937	2023-03-30 13:25:39.074937
531	24002901	103	147	147	2023-03-30 13:25:39.077182	2023-03-30 13:25:39.077182
532	24002902	23	147	147	2023-03-30 13:25:39.079388	2023-03-30 13:25:39.079388
533	23000C01	214	148	148	2023-03-30 13:25:39.096905	2023-03-30 13:25:39.096905
534	23000C01	-54	148	148	2023-03-30 13:25:39.099211	2023-03-30 13:25:39.099211
535	24002901	103	148	148	2023-03-30 13:25:39.10098	2023-03-30 13:25:39.10098
536	24002902	23	148	148	2023-03-30 13:25:39.102388	2023-03-30 13:25:39.102388
537	23000C01	214	149	149	2023-03-30 13:26:09.073587	2023-03-30 13:26:09.073587
538	23000C01	-54	149	149	2023-03-30 13:26:09.078092	2023-03-30 13:26:09.078092
539	24002901	103	149	149	2023-03-30 13:26:09.080262	2023-03-30 13:26:09.080262
540	24002902	23	149	149	2023-03-30 13:26:09.081872	2023-03-30 13:26:09.081872
541	23000C01	214	150	150	2023-03-30 13:26:09.092879	2023-03-30 13:26:09.092879
542	23000C01	-63	150	150	2023-03-30 13:26:09.094429	2023-03-30 13:26:09.094429
543	24002901	103	150	150	2023-03-30 13:26:09.09684	2023-03-30 13:26:09.09684
544	24002902	23	150	150	2023-03-30 13:26:09.098269	2023-03-30 13:26:09.098269
545	23000C01	225	151	151	2023-03-30 13:26:39.062139	2023-03-30 13:26:39.062139
546	23000C01	-61	151	151	2023-03-30 13:26:39.06769	2023-03-30 13:26:39.06769
547	24002901	103	151	151	2023-03-30 13:26:39.069577	2023-03-30 13:26:39.069577
548	24002902	23	151	151	2023-03-30 13:26:39.07118	2023-03-30 13:26:39.07118
549	23000C01	225	152	152	2023-03-30 13:26:39.094021	2023-03-30 13:26:39.094021
550	23000C01	-58	152	152	2023-03-30 13:26:39.09588	2023-03-30 13:26:39.09588
551	24002901	103	152	152	2023-03-30 13:26:39.097871	2023-03-30 13:26:39.097871
552	24002902	23	152	152	2023-03-30 13:26:39.099352	2023-03-30 13:26:39.099352
553	23000C01	201	153	153	2023-03-30 13:27:09.065846	2023-03-30 13:27:09.065846
554	23000C01	-67	153	153	2023-03-30 13:27:09.07107	2023-03-30 13:27:09.07107
555	24002901	103	153	153	2023-03-30 13:27:09.072953	2023-03-30 13:27:09.072953
556	24002902	23	153	153	2023-03-30 13:27:09.074997	2023-03-30 13:27:09.074997
557	23000C01	201	154	154	2023-03-30 13:27:09.105588	2023-03-30 13:27:09.105588
558	23000C01	-65	154	154	2023-03-30 13:27:09.107808	2023-03-30 13:27:09.107808
559	24002901	103	154	154	2023-03-30 13:27:09.110754	2023-03-30 13:27:09.110754
560	24002902	23	154	154	2023-03-30 13:27:09.112962	2023-03-30 13:27:09.112962
561	23000C01	208	155	155	2023-03-30 13:27:39.065354	2023-03-30 13:27:39.065354
562	23000C01	-53	155	155	2023-03-30 13:27:39.070283	2023-03-30 13:27:39.070283
563	24002901	103	155	155	2023-03-30 13:27:39.071884	2023-03-30 13:27:39.071884
564	24002902	23	155	155	2023-03-30 13:27:39.073424	2023-03-30 13:27:39.073424
565	23000C01	208	156	156	2023-03-30 13:27:39.103738	2023-03-30 13:27:39.103738
566	23000C01	-65	156	156	2023-03-30 13:27:39.105325	2023-03-30 13:27:39.105325
567	24002901	103	156	156	2023-03-30 13:27:39.10687	2023-03-30 13:27:39.10687
568	24002902	23	156	156	2023-03-30 13:27:39.108253	2023-03-30 13:27:39.108253
569	23000C01	221	157	157	2023-03-30 13:28:09.089831	2023-03-30 13:28:09.089831
570	23000C01	-67	157	157	2023-03-30 13:28:09.094893	2023-03-30 13:28:09.094893
571	24002901	103	157	157	2023-03-30 13:28:09.096945	2023-03-30 13:28:09.096945
572	24002902	23	157	157	2023-03-30 13:28:09.098554	2023-03-30 13:28:09.098554
573	23000C01	221	158	158	2023-03-30 13:28:09.180518	2023-03-30 13:28:09.180518
574	23000C01	-64	158	158	2023-03-30 13:28:09.182309	2023-03-30 13:28:09.182309
575	24002901	103	158	158	2023-03-30 13:28:09.184339	2023-03-30 13:28:09.184339
576	24002902	23	158	158	2023-03-30 13:28:09.186328	2023-03-30 13:28:09.186328
577	23000C01	212	159	159	2023-03-30 13:28:39.070641	2023-03-30 13:28:39.070641
578	23000C01	-65	159	159	2023-03-30 13:28:39.076183	2023-03-30 13:28:39.076183
579	24002901	103	159	159	2023-03-30 13:28:39.078025	2023-03-30 13:28:39.078025
580	24002902	23	159	159	2023-03-30 13:28:39.079811	2023-03-30 13:28:39.079811
581	23000C01	212	160	160	2023-03-30 13:28:39.094861	2023-03-30 13:28:39.094861
582	23000C01	-56	160	160	2023-03-30 13:28:39.096665	2023-03-30 13:28:39.096665
583	24002901	103	160	160	2023-03-30 13:28:39.098826	2023-03-30 13:28:39.098826
584	24002902	23	160	160	2023-03-30 13:28:39.100944	2023-03-30 13:28:39.100944
585	23000C01	215	161	161	2023-03-30 13:29:09.168715	2023-03-30 13:29:09.168715
586	23000C01	-51	161	161	2023-03-30 13:29:09.17367	2023-03-30 13:29:09.17367
587	24002901	103	161	161	2023-03-30 13:29:09.175252	2023-03-30 13:29:09.175252
588	24002902	23	161	161	2023-03-30 13:29:09.176789	2023-03-30 13:29:09.176789
589	23000C01	215	162	162	2023-03-30 13:29:09.251278	2023-03-30 13:29:09.251278
590	23000C01	-64	162	162	2023-03-30 13:29:09.253077	2023-03-30 13:29:09.253077
591	24002901	103	162	162	2023-03-30 13:29:09.254861	2023-03-30 13:29:09.254861
592	24002902	23	162	162	2023-03-30 13:29:09.256423	2023-03-30 13:29:09.256423
593	23000C01	205	163	163	2023-03-30 13:29:39.077827	2023-03-30 13:29:39.077827
594	23000C01	-70	163	163	2023-03-30 13:29:39.082826	2023-03-30 13:29:39.082826
595	24002901	103	163	163	2023-03-30 13:29:39.084402	2023-03-30 13:29:39.084402
596	24002902	23	163	163	2023-03-30 13:29:39.085995	2023-03-30 13:29:39.085995
597	23000C01	205	164	164	2023-03-30 13:29:39.10246	2023-03-30 13:29:39.10246
598	23000C01	-53	164	164	2023-03-30 13:29:39.104396	2023-03-30 13:29:39.104396
599	24002901	103	164	164	2023-03-30 13:29:39.106132	2023-03-30 13:29:39.106132
600	24002902	23	164	164	2023-03-30 13:29:39.107498	2023-03-30 13:29:39.107498
601	23000C01	203	165	165	2023-03-30 13:30:09.137985	2023-03-30 13:30:09.137985
602	23000C01	-61	165	165	2023-03-30 13:30:09.143472	2023-03-30 13:30:09.143472
603	24002901	103	165	165	2023-03-30 13:30:09.145298	2023-03-30 13:30:09.145298
604	24002902	23	165	165	2023-03-30 13:30:09.147016	2023-03-30 13:30:09.147016
605	23000C01	203	166	166	2023-03-30 13:30:09.220379	2023-03-30 13:30:09.220379
606	23000C01	-60	166	166	2023-03-30 13:30:09.222194	2023-03-30 13:30:09.222194
607	24002901	103	166	166	2023-03-30 13:30:09.224107	2023-03-30 13:30:09.224107
608	24002902	23	166	166	2023-03-30 13:30:09.225685	2023-03-30 13:30:09.225685
609	23000C01	215	167	167	2023-03-30 13:30:39.077084	2023-03-30 13:30:39.077084
610	23000C01	-68	167	167	2023-03-30 13:30:39.082206	2023-03-30 13:30:39.082206
611	24002901	103	167	167	2023-03-30 13:30:39.08429	2023-03-30 13:30:39.08429
612	24002902	23	167	167	2023-03-30 13:30:39.085851	2023-03-30 13:30:39.085851
613	23000C01	215	168	168	2023-03-30 13:30:39.10279	2023-03-30 13:30:39.10279
614	23000C01	-57	168	168	2023-03-30 13:30:39.104341	2023-03-30 13:30:39.104341
615	24002901	103	168	168	2023-03-30 13:30:39.106183	2023-03-30 13:30:39.106183
616	24002902	23	168	168	2023-03-30 13:30:39.107701	2023-03-30 13:30:39.107701
617	23000C01	229	169	169	2023-03-30 13:31:09.108861	2023-03-30 13:31:09.108861
618	23000C01	-52	169	169	2023-03-30 13:31:09.113985	2023-03-30 13:31:09.113985
619	24002901	103	169	169	2023-03-30 13:31:09.115578	2023-03-30 13:31:09.115578
620	24002902	23	169	169	2023-03-30 13:31:09.117262	2023-03-30 13:31:09.117262
621	23000C01	229	170	170	2023-03-30 13:31:09.188243	2023-03-30 13:31:09.188243
622	23000C01	-68	170	170	2023-03-30 13:31:09.190505	2023-03-30 13:31:09.190505
623	24002901	103	170	170	2023-03-30 13:31:09.192344	2023-03-30 13:31:09.192344
624	24002902	23	170	170	2023-03-30 13:31:09.193944	2023-03-30 13:31:09.193944
625	23000C01	225	171	171	2023-03-30 13:31:39.200527	2023-03-30 13:31:39.200527
626	23000C01	-56	171	171	2023-03-30 13:31:39.205961	2023-03-30 13:31:39.205961
627	24002901	103	171	171	2023-03-30 13:31:39.20781	2023-03-30 13:31:39.20781
628	24002902	23	171	171	2023-03-30 13:31:39.209523	2023-03-30 13:31:39.209523
629	23000C01	225	172	172	2023-03-30 13:31:39.226564	2023-03-30 13:31:39.226564
630	23000C01	-66	172	172	2023-03-30 13:31:39.232216	2023-03-30 13:31:39.232216
631	24002901	103	172	172	2023-03-30 13:31:39.234158	2023-03-30 13:31:39.234158
632	24002902	23	172	172	2023-03-30 13:31:39.236342	2023-03-30 13:31:39.236342
633	23000C01	215	173	173	2023-03-30 13:32:09.090484	2023-03-30 13:32:09.090484
634	23000C01	-53	173	173	2023-03-30 13:32:09.095695	2023-03-30 13:32:09.095695
635	24002901	103	173	173	2023-03-30 13:32:09.097837	2023-03-30 13:32:09.097837
636	24002902	23	173	173	2023-03-30 13:32:09.099719	2023-03-30 13:32:09.099719
637	23000C01	215	174	174	2023-03-30 13:32:09.199284	2023-03-30 13:32:09.199284
638	23000C01	-63	174	174	2023-03-30 13:32:09.204045	2023-03-30 13:32:09.204045
639	24002901	103	174	174	2023-03-30 13:32:09.205521	2023-03-30 13:32:09.205521
640	24002902	23	174	174	2023-03-30 13:32:09.206898	2023-03-30 13:32:09.206898
\.


--
-- TOC entry 3344 (class 0 OID 17210)
-- Dependencies: 215
-- Data for Name: hub; Type: TABLE DATA; Schema: public; Owner: me
--

COPY public.hub (id, h_id, "time", created_at, updated_at) FROM stdin;
15	7ed0h921u9663b567a94da194a4ae1e5	2023-03-29 17:21:40	2023-03-29 17:21:38.175653	2023-03-29 17:21:38.175653
16	7ed0h921u9663b567a94da194a4ae1e5	2023-03-29 17:21:40	2023-03-29 17:21:38.255484	2023-03-29 17:21:38.255484
17	7ed0h921u9663b567a94da194a4ae1e5	2023-03-29 17:22:10	2023-03-29 17:22:08.130861	2023-03-29 17:22:08.130861
18	7ed0h921u9663b567a94da194a4ae1e5	2023-03-29 17:22:10	2023-03-29 17:22:08.240163	2023-03-29 17:22:08.240163
19	7ed0h921u9663b567a94da194a4ae1e5	2023-03-29 17:40:40	2023-03-29 17:40:38.146319	2023-03-29 17:40:38.146319
20	7ed0h921u9663b567a94da194a4ae1e5	2023-03-29 17:40:40	2023-03-29 17:40:38.240803	2023-03-29 17:40:38.240803
21	7ed0h921u9663b567a94da194a4ae1e5	2023-03-29 17:41:10	2023-03-29 17:41:08.126462	2023-03-29 17:41:08.126462
22	7ed0h921u9663b567a94da194a4ae1e5	2023-03-29 17:41:10	2023-03-29 17:41:08.23703	2023-03-29 17:41:08.23703
23	7ed0h921u9663b567a94da194a4ae1e5	2023-03-29 17:41:40	2023-03-29 17:41:38.099818	2023-03-29 17:41:38.099818
24	7ed0h921u9663b567a94da194a4ae1e5	2023-03-29 17:41:40	2023-03-29 17:41:38.142752	2023-03-29 17:41:38.142752
25	7ed0h921u9663b567a94da194a4ae1e5	2023-03-29 17:42:10	2023-03-29 17:42:08.104663	2023-03-29 17:42:08.104663
26	7ed0h921u9663b567a94da194a4ae1e5	2023-03-29 17:42:10	2023-03-29 17:42:08.141236	2023-03-29 17:42:08.141236
27	7ed0h921u9663b567a94da194a4ae1e5	2023-03-29 17:43:40	2023-03-29 17:43:38.129504	2023-03-29 17:43:38.129504
28	7ed0h921u9663b567a94da194a4ae1e5	2023-03-29 17:43:40	2023-03-29 17:43:38.251988	2023-03-29 17:43:38.251988
29	7ed0h921u9663b567a94da194a4ae1e5	2023-03-29 17:44:10	2023-03-29 17:44:08.117159	2023-03-29 17:44:08.117159
30	7ed0h921u9663b567a94da194a4ae1e5	2023-03-29 17:44:10	2023-03-29 17:44:08.154922	2023-03-29 17:44:08.154922
31	7ed0h921u9663b567a94da194a4ae1e5	2023-03-29 17:48:40	2023-03-29 17:48:38.130155	2023-03-29 17:48:38.130155
32	7ed0h921u9663b567a94da194a4ae1e5	2023-03-29 17:48:40	2023-03-29 17:48:38.263366	2023-03-29 17:48:38.263366
33	7ed0h921u9663b567a94da194a4ae1e5	2023-03-29 17:49:10	2023-03-29 17:49:08.119447	2023-03-29 17:49:08.119447
34	7ed0h921u9663b567a94da194a4ae1e5	2023-03-29 17:49:10	2023-03-29 17:49:08.251709	2023-03-29 17:49:08.251709
35	7ed0h921u9663b567a94da194a4ae1e5	2023-03-29 17:49:40	2023-03-29 17:49:38.109935	2023-03-29 17:49:38.109935
36	7ed0h921u9663b567a94da194a4ae1e5	2023-03-29 17:49:40	2023-03-29 17:49:38.160049	2023-03-29 17:49:38.160049
37	7ed0h921u9663b567a94da194a4ae1e5	2023-03-29 17:50:10	2023-03-29 17:50:08.111771	2023-03-29 17:50:08.111771
38	7ed0h921u9663b567a94da194a4ae1e5	2023-03-29 17:50:10	2023-03-29 17:50:08.155123	2023-03-29 17:50:08.155123
39	7ed0h921u9663b567a94da194a4ae1e5	2023-03-29 17:50:40	2023-03-29 17:50:38.167536	2023-03-29 17:50:38.167536
40	7ed0h921u9663b567a94da194a4ae1e5	2023-03-29 17:50:40	2023-03-29 17:50:38.271749	2023-03-29 17:50:38.271749
41	7ed0h921u9663b567a94da194a4ae1e5	2023-03-29 17:51:10	2023-03-29 17:51:08.115971	2023-03-29 17:51:08.115971
42	7ed0h921u9663b567a94da194a4ae1e5	2023-03-29 17:51:10	2023-03-29 17:51:08.150135	2023-03-29 17:51:08.150135
43	7ed0h921u9663b567a94da194a4ae1e5	2023-03-30 12:46:41	2023-03-30 12:46:38.973588	2023-03-30 12:46:38.973588
44	7ed0h921u9663b567a94da194a4ae1e5	2023-03-30 12:46:41	2023-03-30 12:46:39.03084	2023-03-30 12:46:39.03084
45	7ed0h921u9663b567a94da194a4ae1e5	2023-03-30 12:47:11	2023-03-30 12:47:08.954975	2023-03-30 12:47:08.954975
46	7ed0h921u9663b567a94da194a4ae1e5	2023-03-30 12:47:11	2023-03-30 12:47:09.01869	2023-03-30 12:47:09.01869
47	7ed0h921u9663b567a94da194a4ae1e5	2023-03-30 12:47:41	2023-03-30 12:47:38.954368	2023-03-30 12:47:38.954368
48	7ed0h921u9663b567a94da194a4ae1e5	2023-03-30 12:47:41	2023-03-30 12:47:39.03275	2023-03-30 12:47:39.03275
49	7ed0h921u9663b567a94da194a4ae1e5	2023-03-30 12:48:11	2023-03-30 12:48:08.959291	2023-03-30 12:48:08.959291
50	7ed0h921u9663b567a94da194a4ae1e5	2023-03-30 12:48:11	2023-03-30 12:48:09.031931	2023-03-30 12:48:09.031931
51	7ed0h921u9663b567a94da194a4ae1e5	2023-03-30 12:48:41	2023-03-30 12:48:38.956612	2023-03-30 12:48:38.956612
52	7ed0h921u9663b567a94da194a4ae1e5	2023-03-30 12:48:41	2023-03-30 12:48:39.01747	2023-03-30 12:48:39.01747
53	7ed0h921u9663b567a94da194a4ae1e5	2023-03-30 12:49:11	2023-03-30 12:49:08.956512	2023-03-30 12:49:08.956512
54	7ed0h921u9663b567a94da194a4ae1e5	2023-03-30 12:49:11	2023-03-30 12:49:09.030017	2023-03-30 12:49:09.030017
55	7ed0h921u9663b567a94da194a4ae1e5	2023-03-30 12:49:41	2023-03-30 12:49:38.883431	2023-03-30 12:49:38.883431
56	7ed0h921u9663b567a94da194a4ae1e5	2023-03-30 12:49:41	2023-03-30 12:49:39.023577	2023-03-30 12:49:39.023577
57	7ed0h921u9663b567a94da194a4ae1e5	2023-03-30 12:50:11	2023-03-30 12:50:08.963083	2023-03-30 12:50:08.963083
58	7ed0h921u9663b567a94da194a4ae1e5	2023-03-30 12:50:11	2023-03-30 12:50:09.036897	2023-03-30 12:50:09.036897
59	7ed0h921u9663b567a94da194a4ae1e5	2023-03-30 12:50:41	2023-03-30 12:50:38.970056	2023-03-30 12:50:38.970056
60	7ed0h921u9663b567a94da194a4ae1e5	2023-03-30 12:50:41	2023-03-30 12:50:39.033351	2023-03-30 12:50:39.033351
61	7ed0h921u9663b567a94da194a4ae1e5	2023-03-30 12:51:11	2023-03-30 12:51:08.966357	2023-03-30 12:51:08.966357
62	7ed0h921u9663b567a94da194a4ae1e5	2023-03-30 12:51:11	2023-03-30 12:51:09.048522	2023-03-30 12:51:09.048522
63	7ed0h921u9663b567a94da194a4ae1e5	2023-03-30 12:51:41	2023-03-30 12:51:38.95939	2023-03-30 12:51:38.95939
64	7ed0h921u9663b567a94da194a4ae1e5	2023-03-30 12:51:41	2023-03-30 12:51:39.036122	2023-03-30 12:51:39.036122
65	7ed0h921u9663b567a94da194a4ae1e5	2023-03-30 12:52:11	2023-03-30 12:52:08.962055	2023-03-30 12:52:08.962055
66	7ed0h921u9663b567a94da194a4ae1e5	2023-03-30 12:52:11	2023-03-30 12:52:09.037885	2023-03-30 12:52:09.037885
67	7ed0h921u9663b567a94da194a4ae1e5	2023-03-30 12:52:41	2023-03-30 12:52:38.964236	2023-03-30 12:52:38.964236
68	7ed0h921u9663b567a94da194a4ae1e5	2023-03-30 12:52:41	2023-03-30 12:52:39.037889	2023-03-30 12:52:39.037889
69	7ed0h921u9663b567a94da194a4ae1e5	2023-03-30 12:53:11	2023-03-30 12:53:08.967177	2023-03-30 12:53:08.967177
70	7ed0h921u9663b567a94da194a4ae1e5	2023-03-30 12:53:11	2023-03-30 12:53:09.031097	2023-03-30 12:53:09.031097
71	7ed0h921u9663b567a94da194a4ae1e5	2023-03-30 12:53:41	2023-03-30 12:53:38.963752	2023-03-30 12:53:38.963752
72	7ed0h921u9663b567a94da194a4ae1e5	2023-03-30 12:53:41	2023-03-30 12:53:39.039922	2023-03-30 12:53:39.039922
73	7ed0h921u9663b567a94da194a4ae1e5	2023-03-30 12:54:11	2023-03-30 12:54:09.106956	2023-03-30 12:54:09.106956
74	7ed0h921u9663b567a94da194a4ae1e5	2023-03-30 12:54:11	2023-03-30 12:54:09.110142	2023-03-30 12:54:09.110142
75	7ed0h921u9663b567a94da194a4ae1e5	2023-03-30 12:54:41	2023-03-30 12:54:38.96914	2023-03-30 12:54:38.96914
76	7ed0h921u9663b567a94da194a4ae1e5	2023-03-30 12:54:41	2023-03-30 12:54:39.042341	2023-03-30 12:54:39.042341
77	7ed0h921u9663b567a94da194a4ae1e5	2023-03-30 12:55:11	2023-03-30 12:55:09.094358	2023-03-30 12:55:09.094358
78	7ed0h921u9663b567a94da194a4ae1e5	2023-03-30 12:55:11	2023-03-30 12:55:09.100398	2023-03-30 12:55:09.100398
79	7ed0h921u9663b567a94da194a4ae1e5	2023-03-30 12:55:41	2023-03-30 12:55:38.971598	2023-03-30 12:55:38.971598
80	7ed0h921u9663b567a94da194a4ae1e5	2023-03-30 12:55:41	2023-03-30 12:55:39.047886	2023-03-30 12:55:39.047886
81	7ed0h921u9663b567a94da194a4ae1e5	2023-03-30 12:56:11	2023-03-30 12:56:08.898329	2023-03-30 12:56:08.898329
82	7ed0h921u9663b567a94da194a4ae1e5	2023-03-30 12:56:11	2023-03-30 12:56:09.034355	2023-03-30 12:56:09.034355
83	7ed0h921u9663b567a94da194a4ae1e5	2023-03-30 12:56:41	2023-03-30 12:56:39.028971	2023-03-30 12:56:39.028971
84	7ed0h921u9663b567a94da194a4ae1e5	2023-03-30 12:56:41	2023-03-30 12:56:39.053619	2023-03-30 12:56:39.053619
85	7ed0h921u9663b567a94da194a4ae1e5	2023-03-30 12:57:11	2023-03-30 12:57:08.899073	2023-03-30 12:57:08.899073
86	7ed0h921u9663b567a94da194a4ae1e5	2023-03-30 12:57:11	2023-03-30 12:57:09.04362	2023-03-30 12:57:09.04362
87	7ed0h921u9663b567a94da194a4ae1e5	2023-03-30 12:57:41	2023-03-30 12:57:38.980492	2023-03-30 12:57:38.980492
88	7ed0h921u9663b567a94da194a4ae1e5	2023-03-30 12:57:41	2023-03-30 12:57:39.047453	2023-03-30 12:57:39.047453
89	7ed0h921u9663b567a94da194a4ae1e5	2023-03-30 12:58:11	2023-03-30 12:58:08.900247	2023-03-30 12:58:08.900247
90	7ed0h921u9663b567a94da194a4ae1e5	2023-03-30 12:58:11	2023-03-30 12:58:09.044782	2023-03-30 12:58:09.044782
91	7ed0h921u9663b567a94da194a4ae1e5	2023-03-30 12:58:41	2023-03-30 12:58:39.086314	2023-03-30 12:58:39.086314
92	7ed0h921u9663b567a94da194a4ae1e5	2023-03-30 12:58:41	2023-03-30 12:58:39.133379	2023-03-30 12:58:39.133379
93	7ed0h921u9663b567a94da194a4ae1e5	2023-03-30 12:59:11	2023-03-30 12:59:08.900236	2023-03-30 12:59:08.900236
94	7ed0h921u9663b567a94da194a4ae1e5	2023-03-30 12:59:11	2023-03-30 12:59:09.04781	2023-03-30 12:59:09.04781
95	7ed0h921u9663b567a94da194a4ae1e5	2023-03-30 12:59:41	2023-03-30 12:59:38.901111	2023-03-30 12:59:38.901111
96	7ed0h921u9663b567a94da194a4ae1e5	2023-03-30 12:59:41	2023-03-30 12:59:39.046781	2023-03-30 12:59:39.046781
97	7ed0h921u9663b567a94da194a4ae1e5	2023-03-30 13:00:11	2023-03-30 13:00:08.977987	2023-03-30 13:00:08.977987
98	7ed0h921u9663b567a94da194a4ae1e5	2023-03-30 13:00:11	2023-03-30 13:00:09.0537	2023-03-30 13:00:09.0537
99	7ed0h921u9663b567a94da194a4ae1e5	2023-03-30 13:00:41	2023-03-30 13:00:38.976289	2023-03-30 13:00:38.976289
100	7ed0h921u9663b567a94da194a4ae1e5	2023-03-30 13:00:41	2023-03-30 13:00:39.041413	2023-03-30 13:00:39.041413
101	7ed0h921u9663b567a94da194a4ae1e5	2023-03-30 13:01:11	2023-03-30 13:01:08.978044	2023-03-30 13:01:08.978044
102	7ed0h921u9663b567a94da194a4ae1e5	2023-03-30 13:01:11	2023-03-30 13:01:09.048201	2023-03-30 13:01:09.048201
103	7ed0h921u9663b567a94da194a4ae1e5	2023-03-30 13:01:41	2023-03-30 13:01:38.906948	2023-03-30 13:01:38.906948
104	7ed0h921u9663b567a94da194a4ae1e5	2023-03-30 13:01:41	2023-03-30 13:01:39.043645	2023-03-30 13:01:39.043645
105	7ed0h921u9663b567a94da194a4ae1e5	2023-03-30 13:06:41	2023-03-30 13:06:39.0096	2023-03-30 13:06:39.0096
106	7ed0h921u9663b567a94da194a4ae1e5	2023-03-30 13:06:41	2023-03-30 13:06:39.05142	2023-03-30 13:06:39.05142
107	7ed0h921u9663b567a94da194a4ae1e5	2023-03-30 13:07:11	2023-03-30 13:07:08.99445	2023-03-30 13:07:08.99445
108	7ed0h921u9663b567a94da194a4ae1e5	2023-03-30 13:07:11	2023-03-30 13:07:09.064459	2023-03-30 13:07:09.064459
109	7ed0h921u9663b567a94da194a4ae1e5	2023-03-30 13:07:41	2023-03-30 13:07:38.989355	2023-03-30 13:07:38.989355
110	7ed0h921u9663b567a94da194a4ae1e5	2023-03-30 13:07:41	2023-03-30 13:07:39.062307	2023-03-30 13:07:39.062307
111	7ed0h921u9663b567a94da194a4ae1e5	2023-03-30 13:08:41	2023-03-30 13:08:39.025854	2023-03-30 13:08:39.025854
112	7ed0h921u9663b567a94da194a4ae1e5	2023-03-30 13:08:41	2023-03-30 13:08:39.059481	2023-03-30 13:08:39.059481
113	7ed0h921u9663b567a94da194a4ae1e5	2023-03-30 13:11:11	2023-03-30 13:11:09.013673	2023-03-30 13:11:09.013673
114	7ed0h921u9663b567a94da194a4ae1e5	2023-03-30 13:11:11	2023-03-30 13:11:09.061572	2023-03-30 13:11:09.061572
115	7ed0h921u9663b567a94da194a4ae1e5	2023-03-30 13:11:41	2023-03-30 13:11:38.995158	2023-03-30 13:11:38.995158
116	7ed0h921u9663b567a94da194a4ae1e5	2023-03-30 13:11:41	2023-03-30 13:11:39.0614	2023-03-30 13:11:39.0614
117	7ed0h921u9663b567a94da194a4ae1e5	2023-03-30 13:12:11	2023-03-30 13:12:08.921623	2023-03-30 13:12:08.921623
118	7ed0h921u9663b567a94da194a4ae1e5	2023-03-30 13:12:11	2023-03-30 13:12:09.064244	2023-03-30 13:12:09.064244
119	7ed0h921u9663b567a94da194a4ae1e5	2023-03-30 13:12:41	2023-03-30 13:12:39.055792	2023-03-30 13:12:39.055792
120	7ed0h921u9663b567a94da194a4ae1e5	2023-03-30 13:12:41	2023-03-30 13:12:39.172587	2023-03-30 13:12:39.172587
121	7ed0h921u9663b567a94da194a4ae1e5	2023-03-30 13:13:11	2023-03-30 13:13:09.238811	2023-03-30 13:13:09.238811
122	7ed0h921u9663b567a94da194a4ae1e5	2023-03-30 13:13:11	2023-03-30 13:13:09.337822	2023-03-30 13:13:09.337822
123	7ed0h921u9663b567a94da194a4ae1e5	2023-03-30 13:13:41	2023-03-30 13:13:39.037682	2023-03-30 13:13:39.037682
124	7ed0h921u9663b567a94da194a4ae1e5	2023-03-30 13:13:41	2023-03-30 13:13:39.067377	2023-03-30 13:13:39.067377
125	7ed0h921u9663b567a94da194a4ae1e5	2023-03-30 13:14:11	2023-03-30 13:14:09.097261	2023-03-30 13:14:09.097261
126	7ed0h921u9663b567a94da194a4ae1e5	2023-03-30 13:14:11	2023-03-30 13:14:09.216809	2023-03-30 13:14:09.216809
127	7ed0h921u9663b567a94da194a4ae1e5	2023-03-30 13:18:11	2023-03-30 13:18:09.115948	2023-03-30 13:18:09.115948
128	7ed0h921u9663b567a94da194a4ae1e5	2023-03-30 13:18:11	2023-03-30 13:18:09.180541	2023-03-30 13:18:09.180541
129	7ed0h921u9663b567a94da194a4ae1e5	2023-03-30 13:18:41	2023-03-30 13:18:39.084616	2023-03-30 13:18:39.084616
130	7ed0h921u9663b567a94da194a4ae1e5	2023-03-30 13:18:41	2023-03-30 13:18:39.187692	2023-03-30 13:18:39.187692
131	7ed0h921u9663b567a94da194a4ae1e5	2023-03-30 13:19:11	2023-03-30 13:19:09.087072	2023-03-30 13:19:09.087072
132	7ed0h921u9663b567a94da194a4ae1e5	2023-03-30 13:19:11	2023-03-30 13:19:09.201766	2023-03-30 13:19:09.201766
133	7ed0h921u9663b567a94da194a4ae1e5	2023-03-30 13:19:41	2023-03-30 13:19:38.936671	2023-03-30 13:19:38.936671
134	7ed0h921u9663b567a94da194a4ae1e5	2023-03-30 13:19:41	2023-03-30 13:19:39.076215	2023-03-30 13:19:39.076215
135	7ed0h921u9663b567a94da194a4ae1e5	2023-03-30 13:20:41	2023-03-30 13:20:39.144085	2023-03-30 13:20:39.144085
136	7ed0h921u9663b567a94da194a4ae1e5	2023-03-30 13:20:41	2023-03-30 13:20:39.204556	2023-03-30 13:20:39.204556
137	7ed0h921u9663b567a94da194a4ae1e5	2023-03-30 13:21:11	2023-03-30 13:21:09.044852	2023-03-30 13:21:09.044852
138	7ed0h921u9663b567a94da194a4ae1e5	2023-03-30 13:21:11	2023-03-30 13:21:09.166629	2023-03-30 13:21:09.166629
139	7ed0h921u9663b567a94da194a4ae1e5	2023-03-30 13:21:41	2023-03-30 13:21:39.080619	2023-03-30 13:21:39.080619
140	7ed0h921u9663b567a94da194a4ae1e5	2023-03-30 13:21:41	2023-03-30 13:21:39.190291	2023-03-30 13:21:39.190291
141	7ed0h921u9663b567a94da194a4ae1e5	2023-03-30 13:22:11	2023-03-30 13:22:09.058637	2023-03-30 13:22:09.058637
142	7ed0h921u9663b567a94da194a4ae1e5	2023-03-30 13:22:11	2023-03-30 13:22:09.175375	2023-03-30 13:22:09.175375
143	7ed0h921u9663b567a94da194a4ae1e5	2023-03-30 13:24:41	2023-03-30 13:24:38.943021	2023-03-30 13:24:38.943021
144	7ed0h921u9663b567a94da194a4ae1e5	2023-03-30 13:24:41	2023-03-30 13:24:39.085129	2023-03-30 13:24:39.085129
145	7ed0h921u9663b567a94da194a4ae1e5	2023-03-30 13:25:11	2023-03-30 13:25:09.068475	2023-03-30 13:25:09.068475
146	7ed0h921u9663b567a94da194a4ae1e5	2023-03-30 13:25:11	2023-03-30 13:25:09.180086	2023-03-30 13:25:09.180086
147	7ed0h921u9663b567a94da194a4ae1e5	2023-03-30 13:25:41	2023-03-30 13:25:39.045712	2023-03-30 13:25:39.045712
148	7ed0h921u9663b567a94da194a4ae1e5	2023-03-30 13:25:41	2023-03-30 13:25:39.090607	2023-03-30 13:25:39.090607
149	7ed0h921u9663b567a94da194a4ae1e5	2023-03-30 13:26:11	2023-03-30 13:26:09.057532	2023-03-30 13:26:09.057532
150	7ed0h921u9663b567a94da194a4ae1e5	2023-03-30 13:26:11	2023-03-30 13:26:09.088208	2023-03-30 13:26:09.088208
151	7ed0h921u9663b567a94da194a4ae1e5	2023-03-30 13:26:41	2023-03-30 13:26:39.046162	2023-03-30 13:26:39.046162
152	7ed0h921u9663b567a94da194a4ae1e5	2023-03-30 13:26:41	2023-03-30 13:26:39.088583	2023-03-30 13:26:39.088583
153	7ed0h921u9663b567a94da194a4ae1e5	2023-03-30 13:27:11	2023-03-30 13:27:09.048325	2023-03-30 13:27:09.048325
154	7ed0h921u9663b567a94da194a4ae1e5	2023-03-30 13:27:11	2023-03-30 13:27:09.099603	2023-03-30 13:27:09.099603
155	7ed0h921u9663b567a94da194a4ae1e5	2023-03-30 13:27:41	2023-03-30 13:27:39.044478	2023-03-30 13:27:39.044478
156	7ed0h921u9663b567a94da194a4ae1e5	2023-03-30 13:27:41	2023-03-30 13:27:39.099123	2023-03-30 13:27:39.099123
157	7ed0h921u9663b567a94da194a4ae1e5	2023-03-30 13:28:11	2023-03-30 13:28:09.066537	2023-03-30 13:28:09.066537
158	7ed0h921u9663b567a94da194a4ae1e5	2023-03-30 13:28:11	2023-03-30 13:28:09.175257	2023-03-30 13:28:09.175257
159	7ed0h921u9663b567a94da194a4ae1e5	2023-03-30 13:28:41	2023-03-30 13:28:39.048504	2023-03-30 13:28:39.048504
160	7ed0h921u9663b567a94da194a4ae1e5	2023-03-30 13:28:41	2023-03-30 13:28:39.089577	2023-03-30 13:28:39.089577
161	7ed0h921u9663b567a94da194a4ae1e5	2023-03-30 13:29:11	2023-03-30 13:29:09.147211	2023-03-30 13:29:09.147211
162	7ed0h921u9663b567a94da194a4ae1e5	2023-03-30 13:29:11	2023-03-30 13:29:09.246087	2023-03-30 13:29:09.246087
163	7ed0h921u9663b567a94da194a4ae1e5	2023-03-30 13:29:41	2023-03-30 13:29:39.061406	2023-03-30 13:29:39.061406
164	7ed0h921u9663b567a94da194a4ae1e5	2023-03-30 13:29:41	2023-03-30 13:29:39.098043	2023-03-30 13:29:39.098043
165	7ed0h921u9663b567a94da194a4ae1e5	2023-03-30 13:30:11	2023-03-30 13:30:09.113566	2023-03-30 13:30:09.113566
166	7ed0h921u9663b567a94da194a4ae1e5	2023-03-30 13:30:11	2023-03-30 13:30:09.215182	2023-03-30 13:30:09.215182
167	7ed0h921u9663b567a94da194a4ae1e5	2023-03-30 13:30:41	2023-03-30 13:30:39.055588	2023-03-30 13:30:39.055588
168	7ed0h921u9663b567a94da194a4ae1e5	2023-03-30 13:30:41	2023-03-30 13:30:39.097976	2023-03-30 13:30:39.097976
169	7ed0h921u9663b567a94da194a4ae1e5	2023-03-30 13:31:11	2023-03-30 13:31:09.085752	2023-03-30 13:31:09.085752
170	7ed0h921u9663b567a94da194a4ae1e5	2023-03-30 13:31:11	2023-03-30 13:31:09.182967	2023-03-30 13:31:09.182967
171	7ed0h921u9663b567a94da194a4ae1e5	2023-03-30 13:31:41	2023-03-30 13:31:39.174737	2023-03-30 13:31:39.174737
172	7ed0h921u9663b567a94da194a4ae1e5	2023-03-30 13:31:41	2023-03-30 13:31:39.208534	2023-03-30 13:31:39.208534
173	7ed0h921u9663b567a94da194a4ae1e5	2023-03-30 13:32:11	2023-03-30 13:32:09.068024	2023-03-30 13:32:09.068024
174	7ed0h921u9663b567a94da194a4ae1e5	2023-03-30 13:32:11	2023-03-30 13:32:09.183625	2023-03-30 13:32:09.183625
\.


--
-- TOC entry 3357 (class 0 OID 0)
-- Dependencies: 216
-- Name: container_id_seq; Type: SEQUENCE SET; Schema: public; Owner: me
--

SELECT pg_catalog.setval('public.container_id_seq', 174, true);


--
-- TOC entry 3358 (class 0 OID 0)
-- Dependencies: 218
-- Name: data_id_seq; Type: SEQUENCE SET; Schema: public; Owner: me
--

SELECT pg_catalog.setval('public.data_id_seq', 640, true);


--
-- TOC entry 3359 (class 0 OID 0)
-- Dependencies: 214
-- Name: hub_id_seq; Type: SEQUENCE SET; Schema: public; Owner: me
--

SELECT pg_catalog.setval('public.hub_id_seq', 174, true);


--
-- TOC entry 3196 (class 2606 OID 17227)
-- Name: container container_pkey; Type: CONSTRAINT; Schema: public; Owner: me
--

ALTER TABLE ONLY public.container
    ADD CONSTRAINT container_pkey PRIMARY KEY (id);


--
-- TOC entry 3198 (class 2606 OID 17236)
-- Name: data data_pkey; Type: CONSTRAINT; Schema: public; Owner: me
--

ALTER TABLE ONLY public.data
    ADD CONSTRAINT data_pkey PRIMARY KEY (id);


--
-- TOC entry 3194 (class 2606 OID 17218)
-- Name: hub hub_pkey; Type: CONSTRAINT; Schema: public; Owner: me
--

ALTER TABLE ONLY public.hub
    ADD CONSTRAINT hub_pkey PRIMARY KEY (id);


--
-- TOC entry 3199 (class 2606 OID 17242)
-- Name: data data_c_id_fkey; Type: FK CONSTRAINT; Schema: public; Owner: me
--

ALTER TABLE ONLY public.data
    ADD CONSTRAINT data_c_id_fkey FOREIGN KEY (c_id) REFERENCES public.container(id);


--
-- TOC entry 3200 (class 2606 OID 17237)
-- Name: data data_h_id_fkey; Type: FK CONSTRAINT; Schema: public; Owner: me
--

ALTER TABLE ONLY public.data
    ADD CONSTRAINT data_h_id_fkey FOREIGN KEY (h_id) REFERENCES public.hub(id);


-- Completed on 2023-03-30 17:46:28

--
-- PostgreSQL database dump complete
--

